Type,URL_LENGTH,NUMBER_SPECIAL_CHARACTERS,TCP_CONVERSATION_EXCHANGE,DIST_REMOTE_TCP_PORT,REMOTE_IPS,APP_BYTES,SOURCE_APP_PACKETS,REMOTE_APP_PACKETS,SOURCE_APP_BYTES,REMOTE_APP_BYTES,APP_PACKETS,DNS_QUERY_TIMES,SOURCE_A,SOURCE_B,SOURCE_C,SOURCE_D,SOURCE_F,SOURCE_E,SOURCE_G,SOURCE_H,SOURCE_I,SOURCE_J,SOURCE_K,SOURCE_M,SOURCE_L,SOURCE_N,SOURCE_O,SOURCE_P,SOURCE_R,SOURCE_S
1,23.303046666666663,13.44556,159.06693333333334,1296.6286666666667,0.15336746666666667,0.35958453333333334,0.3887295333333333,0.19054353333333338,0.31334113333333335,0.10195568666666667,1418.39,1.1726652666666666,11125.618,198.70413333333337,0.008288838000000001,0.06352314666666667,0.06959826000000001,0.02055694,0.03889886,0.008021999333333333,32.87556,22.448126666666667,239.11853333333332,2615.278,0.21010306666666667,0.8621738666666666,0.9221478,0.3437814666666667,0.5959828666666667,0.15401513333333336
1,26.64500666666667,23.018073333333334,172.14980000000003,1717.612,0.10976654666666667,0.10186501333333335,0.11256446666666668,0.09089354,0.2347144,0.07340654,0.7040136666666666,0.9506451333333333,4401.542666666667,95.95829333333334,0.0067681166666666666,0.01694296,0.0240932,0.017357466666666668,0.01799218,0.004575117333333333,32.37038,30.323753333333332,205.69893333333334,2533.672,0.16036226666666667,0.24170919999999999,0.31295253333333334,240.93200000000002,356.2166666666667,0.11531057333333333
1,25.505113333333338,27.525833333333335,168.39333333333335,1558.286,0.14196853333333334,0.2071238,0.2556988,0.16567313333333336,0.26800446666666666,0.07770704666666667,0.9658005333333334,1.0192978000000001,5939.1033333333335,121.80019333333333,0.0079663,0.05189105333333333,0.04963717333333333,0.026657960000000005,0.029145,0.005920968666666668,30.53100666666667,33.06986,197.53833333333333,2213.7246666666665,0.18704613333333334,0.549869,0.5834181333333334,314.766,0.4680039333333334,0.11344529333333335
1,14.792706666666668,26.398893333333334,100.49196,500.12820000000005,0.184585,0.3677451333333333,0.3126934666666667,0.1362690666666667,0.33639806666666666,0.12621728000000002,0.6419672,1497.4053333333334,4462.423333333333,35.271926666666666,0.011800486666666667,0.09660595999999999,0.07332882,0.02418387333333333,0.07724072666666668,0.011927429333333331,19.31342,34.32633333333333,128.06960666666666,735.3607333333334,0.27176093333333334,1.1221472666666668,0.8897644666666666,0.33354833333333334,0.8598422666666666,224.09266666666667
1,26.282313333333335,18.57508,174.99953333333335,1680.0473333333332,0.12992193333333332,0.17202026666666667,256.476,0.1351032666666667,0.23432580000000003,0.07620446,0.9808264000000001,1.0120439333333333,7044.022666666667,122.33127999999999,0.014883380000000002,0.03187815333333333,0.07367856,0.024417033333333334,0.022746053333333332,0.00662563,29.196813333333335,21.59320666666667,197.14973333333333,2040.1499999999999,0.1779788,265.54333333333335,0.5181333333333334,0.21049166666666666,0.3062168,0.09945569333333333
1,16.1269,20.33673333333333,106.95567333333332,618.0035333333334,0.16554359999999999,0.2202066666666667,0.20440360000000002,0.10477951333333334,0.27033606666666665,0.09861372666666668,0.43328900000000004,1.1531057333333334,2871.7540000000004,35.22011333333334,0.009727953333333334,0.043328900000000004,0.04756464,0.01472794,0.028043966666666666,0.006582884,20.03880666666667,30.764166666666668,133.93746666666667,960.6192000000001,0.2319942,0.6799204666666667,0.693651,0.22551753333333335,0.5161903333333334,0.16113946666666668
1,23.639833333333332,25.88076,154.92186666666666,1347.1466666666668,0.12257739333333334,141.19133333333335,0.14598406666666666,95.85466666666667,0.2323828,0.07437803999999999,0.5786254000000001,1.0015517333333335,4.11916,69.83142,0.005588068000000001,0.017901506666666667,0.029196813333333335,0.013458513333333333,0.017733113333333335,0.0028225313333333332,29.637226666666667,35.828920000000004,198.44506666666666,2080.3053333333332,0.18678706666666667,0.33367786666666666,0.4901541333333334,0.25025840000000005,0.3967606000000001,0.10839349333333335
1,17.759020000000003,26.981793333333332,116.83906666666667,748.5731333333333,0.15401513333333336,0.21308233333333335,0.12132092,0.0775257,0.28445519999999996,0.09651528666666669,0.755827,1783.674,4994.805333333334,66.01018666666667,0.01140541,0.03923564666666667,0.032227893333333334,0.018756426666666666,0.019248653333333334,0.007010344000000001,22.098386666666666,36.45068,143.26386666666667,1161.914,0.21424813333333334,0.4769417333333334,0.34689026666666667,0.20155386666666666,0.41398853333333335,0.14909286666666666
1,16.839333333333332,28.264173333333336,113.34166666666668,673.3142666666666,0.16489593333333333,0.25025840000000005,0.2408024666666667,0.12115252666666666,304.40333333333336,0.09571218,0.3967606000000001,1297.924,3116.572,31.502506666666665,0.007423555333333334,0.04536257333333334,0.04602319333333333,0.015880786666666667,0.027758993333333332,0.0048562046666666666,20.064713333333334,39.805593333333334,137.5644,957.6399333333334,0.2205952666666667,0.6996095333333333,698.1846666666667,266.8386666666667,0.5670969333333334,0.13885973333333335
1,16.139853333333335,31.139813333333333,108.76914,616.4491333333333,0.15362653333333334,0.3103618666666667,0.2944292666666667,0.11066032666666668,262.9526666666667,0.10677432666666668,0.3854912,2071.238,2641.1846666666665,31.010280000000005,0.009260338,0.09348420666666667,0.10029766000000001,0.018549173333333332,0.023173513333333336,0.013056960000000001,19.546580000000002,52.694160000000004,126.48930000000001,921.5001333333333,0.24002526666666668,1370.4626666666666,1431.3433333333332,286.26866666666666,0.5655425333333334,0.26878166666666664
1,20.75124,30.103546666666663,133.03073333333336,1033.4169333333332,0.10629505333333333,0.08638578000000001,0.04273304666666666,0.04304392666666667,0.19792693333333333,0.07379514,0.491579,1537.5606666666665,3194.292,52.473953333333334,0.005218898,0.012006444666666666,0.014261620000000001,0.009832875333333333,0.01891186666666667,0.003940404000000001,24.85744666666667,43.88589333333334,160.36226666666667,1489.6333333333334,0.15297886666666669,0.2009062,0.18898913333333334,0.1292095,0.3818642666666667,0.10948157333333335
1,20.440360000000002,23.173513333333336,134.19653333333335,1011.6553333333333,0.12577686666666668,0.1673570666666667,0.12893748000000002,0.08556972,0.23860040000000002,0.07878217333333333,0.6551796000000001,1.2757738,4616.568,70.15525333333333,0.007475368666666667,0.05260348666666667,0.036152753333333336,0.01660617333333333,0.026010293333333337,0.005367861333333334,26.450706666666672,35.336693333333336,176.813,1682.638,0.18082853333333335,0.7265524666666666,0.5135996666666667,234.45533333333333,0.4911904,0.13575093333333335
1,24.831540000000004,32.12426666666667,171.50213333333332,1454.6593333333333,0.12616546666666667,0.31839293333333335,0.2674863333333333,0.14481826666666667,0.31049140000000003,101.036,1.237691,4621.749333333333,14.33934,150.51773333333333,0.004066051333333333,0.10747380666666667,0.11515513333333334,0.05297913333333334,0.058082746666666664,0.01663208,27.15018666666667,38.78228000000001,196.50206666666665,1725.384,0.13432606666666666,0.5055686,0.4713718,0.22888540000000002,0.41139786666666667,0.1325126
1,20.531033333333333,31.023233333333334,134.32606666666666,1013.8574,0.10882095333333335,0.1297924,0.12873022666666667,0.06948168,0.23924806666666668,0.06914489333333333,0.5224079333333334,1396.3693333333333,3760.352666666667,47.383293333333334,0.012654111333333334,0.040492120000000006,0.06542728666666667,0.02580304,0.038613886666666666,0.0038885906666666667,21.813413333333333,35.828920000000004,145.07733333333334,1135.3596666666667,0.1465022,0.24922213333333332,0.3007764,0.1449478,0.36385913333333336,0.08143760666666666
1,17.784926666666667,29.287486666666666,121.2432,749.0912666666667,0.1465022,0.2970199333333334,0.27564693333333334,0.1039505,0.26800446666666666,0.09950750666666668,0.27474020000000005,1514.2446666666667,2669.6820000000002,24.883353333333336,0.008327698,0.07689098666666667,0.07125628666666668,0.021088026666666666,0.025401486666666667,0.010483132666666665,19.46886,41.46362,140.93226666666666,903.7540666666667,0.21385953333333332,1.000645,0.8993499333333334,0.28600960000000003,0.4658018666666666,0.1853622
1,18.834146666666665,35.67348,125.29759333333334,853.3656,0.14753846666666667,0.2066056666666667,0.21230513333333334,0.09538834666666667,0.2983152666666667,0.09167074000000001,0.4792733333333334,1338.0793333333334,3729.2646666666665,42.16309999999999,0.0072629339999999995,0.05492213333333334,0.06141175333333334,0.014119133333333334,0.024054339999999997,0.007080292000000001,22.616520000000005,48.09572666666667,160.75086666666667,1221.7584000000002,0.21735693333333336,0.8519407333333332,0.9101012,0.22176106666666665,0.5463716,0.1737042
1,19.015493333333335,26.075059999999997,122.71987999999999,886.6556666666667,0.12781054,93.26400000000001,0.0957899,0.06812158,0.20543986666666667,0.07670964000000001,0.6123040666666667,1.6062133333333335,4138.59,58.80813333333333,0.007406716000000001,0.015051773333333332,0.025880760000000003,0.014365246666666666,0.0182642,0.00270077,24.702006666666666,39.99989333333333,159.84413333333336,1474.0893333333333,0.18963680000000002,0.24235686666666667,0.37746013333333334,0.2084191333333333,0.39235646666666674,0.10642458666666667
1,20.893726666666666,26.787493333333334,140.02553333333333,1034.7122666666667,151.554,0.2619164,0.22305640000000002,0.13316026666666667,0.2803101333333334,0.09528472,0.7373037333333334,1389.8926666666666,4992.214666666667,70.18116,0.009101012,0.03239628666666667,0.041295226666666664,0.016800473333333333,0.021878179999999997,0.005365270666666667,27.15018666666667,40.77709333333333,177.2016,1703.3633333333335,0.23173513333333337,0.5483146,0.6196874666666666,0.2685226,0.48005053333333336,0.14792706666666666
1,25.66055333333333,28.691633333333332,168.39333333333335,1632.1200000000001,0.12734421999999998,0.13303073333333335,0.1915798,0.12303076,0.20492173333333333,0.06988323333333334,0.9821217333333334,1317.354,7597.13,145.59546666666668,0.008411894666666668,0.02452066,0.04392475333333334,0.01970202,0.01756472,0.002586780666666667,35.388506666666665,39.99989333333333,241.96826666666666,3106.2093333333337,0.1958544,408.03000000000003,0.6958530666666668,0.30932560000000003,0.35854826666666667,0.09863963333333332
0,17.538813333333334,18.600986666666667,113.28985333333333,733.5472666666666,0.12667064666666666,0.10529764666666667,0.08632101333333335,0.06192988666666666,0.24417033333333335,0.07468892,0.3496104666666666,1.0214998666666666,2665.796,30.51805333333333,0.010961110666666668,0.01891186666666667,0.030919606666666665,0.017033633333333336,0.025647600000000003,0.002979266666666667,19.572486666666666,24.948120000000003,129.14473333333333,921.2410666666668,186.52800000000002,0.22966260000000002,309.5846666666667,0.16683893333333333,0.3856207333333334,0.09402824666666666
0,16.942960000000003,20.349686666666667,110.91939333333333,673.5733333333334,0.13924833333333334,164.50733333333332,0.05917082666666667,0.04028486666666667,0.2547920666666667,0.08822515333333335,0.23989573333333336,0.9685207333333334,1791.446,19.00254,0.0053069806666666665,0.02458542666666667,0.02199476,0.008406713333333335,0.021735693333333334,0.0031411833333333337,18.782333333333334,26.54138,124.46858000000002,816.7076666666667,0.16994773333333335,0.35958453333333334,244.818,0.09433912666666668,0.4124341333333334,0.10599712666666666
0,12310.848,16.113946666666667,78.16041333333334,354.79179999999997,0.13264213333333333,0.08409304000000001,0.03829005333333333,0.02689112,0.23510299999999998,0.08944276666666667,0.3591959333333334,1.2652816,2472.791333333333,20.33673333333333,0.012442972000000002,0.018549173333333332,0.025712366666666667,0.01840668666666667,0.026256406666666666,0.0038445493333333336,13.251260000000002,20.284920000000003,84.36506,407.90046666666666,0.17150213333333333,0.14870426666666667,0.11485720666666667,0.08066040666666667,317.3566666666667,0.10068625999999999
1,19.870413333333335,18.471453333333333,132.77166666666668,912.4328,0.1389892666666667,0.27655366666666664,0.26904073333333334,0.12637272,0.3265535333333333,0.09108783999999999,0.5683922666666666,0.9191685333333334,4383.408,58.17341999999999,0.008794018,0.06901536000000001,0.08349718666666667,0.029170906666666666,0.04756464,0.005691694666666667,23.406673333333334,24.71496,162.0462,1270.5924666666667,180.05133333333333,0.7712414666666668,0.8167076666666667,0.3099732666666667,0.6045320666666667,0.12883385333333333
1,27.409253333333336,29.84448,177.71973333333332,1818.6480000000001,0.12212402666666668,0.1323830666666667,0.14209806666666666,0.11181317333333333,0.22914446666666669,0.06836769333333334,0.8959820666666666,1459.8406666666667,5573.819333333333,121.74838,0.006124336000000001,0.016308246666666668,0.022214966666666666,0.01344556,0.01402846,0.0025738273333333335,37.78487333333334,46.100913333333345,243.52266666666665,3387.2966666666666,0.1814762,0.33678666666666673,0.4086776666666667,0.26023246666666666,0.36554306666666664,0.09748678666666666
1,21.5673,27.694226666666665,142.48666666666668,1171.7585333333334,0.14520686666666668,0.18873006666666667,0.19753833333333334,0.11878206666666667,0.258419,0.0819946,1.0450749333333333,1.1680020666666666,7066.043333333334,132.9012,0.007834176,0.024378173333333336,0.035505086666666665,0.014637266666666668,0.019015493333333335,0.003628228666666667,34.27452,40.880720000000004,229.274,2869.1633333333334,0.23380766666666666,0.46347026666666674,0.608159,0.2713723333333333,0.4680039333333334,0.12388568000000001
1,22.202013333333337,21.243466666666666,150.25866666666667,1182.2507333333335,0.15362653333333334,0.2948178666666667,0.2887298,0.1814762,393.78133333333335,0.09602306000000001,1354.9186666666667,1264.2453333333335,9424.845333333333,144.30013333333335,0.010400231333333334,0.04920971333333334,0.04834184,0.031049140000000003,0.029896293333333334,0.009642461333333333,28.821166666666667,27.720133333333333,197.4088,1892.482,0.200129,0.5115271333333333,0.4990919333333333,330.31,0.5266825333333334,0.1371758
1,18.88596,27.888526666666667,126.17842,835.2309333333333,0.13652813333333333,0.24196826666666668,0.184585,0.11376912666666668,0.2917090666666667,0.08968887999999998,0.32966233333333333,1.2735717333333334,2.7331533333333335,27.26676666666667,0.005766824,0.03957243333333334,0.03472788666666667,0.017512906666666668,0.01883414666666667,0.0048069820000000004,22.823773333333335,43.01802000000001,158.5488,1161.7844666666667,0.19753833333333334,0.8604899333333335,0.7174851333333333,0.3498695333333333,0.5523301333333334,0.16515500000000002
1,24.106153333333335,26.230500000000003,158.1602,1417.0946666666669,0.12227946666666667,0.13808253333333334,193.00466666666668,0.10014222,0.21981806666666667,0.07382104666666667,1.1047898,2395.0713333333333,7295.317333333333,121.16548000000002,0.013924833333333332,0.03525897333333334,0.06581588666666667,0.02475382,0.029701993333333333,0.005462420666666668,27.603553333333334,35.310786666666665,181.21713333333335,1817.3526666666667,0.17331560000000001,0.27422206666666665,0.44637186666666673,193.00466666666668,0.30323753333333336,0.09612668666666667
1,19.8186,32.73307333333333,132.64213333333336,948.7021333333333,0.1401550666666667,0.21981806666666667,0.21800460000000002,0.11335462000000002,0.2494812,0.08471479999999999,568.6513333333334,1310.8773333333334,4531.076,56.347,0.006778479333333334,0.03959834,0.04632112,0.01402846,0.02290149333333334,0.0038432540000000004,26.256406666666667,47.551686666666676,193.3932666666667,1643.778,0.2125642,791.4486666666667,0.8205936666666666,0.26217546666666663,0.5216307333333333,0.12792712
1,22.759006666666668,19.494766666666667,148.96333333333334,1237.1728666666668,0.12755147333333333,0.14987006666666666,0.1279141666666667,0.10301786000000002,0.22525846666666668,0.07965004666666667,0.7775886,1.0654116666666666,6029.776666666668,79.14486666666667,0.007288840666666667,0.03928746,0.04413200666666667,0.017538813333333333,0.024935166666666665,0.004847137333333334,25.919620000000005,25.284906666666668,174.74046666666666,1589.374,0.16256433333333334,0.3642477333333334,0.3224084666666667,0.18860053333333335,0.3569938666666667,0.10257744666666667
1,24.13206,32.52582,161.6576,1409.3226666666667,0.13782346666666667,0.24442940000000002,0.30038780000000004,0.16113946666666668,0.2827712666666667,0.08027180666666667,1.0760334,1898.9586666666667,7220.188000000001,136.01000000000002,0.008093242666666667,0.04370454666666667,0.06730552,0.01499996,0.025997340000000004,0.00590672,29.986966666666664,44.05428666666666,207.90099999999998,2163.2066666666665,0.19313420000000003,0.5514234000000001,0.7944279333333334,0.2393776,0.44611280000000003,0.12670950666666667
1,15.336746666666668,24.222733333333334,100.94532666666669,570.7238666666667,0.14365246666666667,0.19637253333333335,0.1577716,0.06712417333333333,0.2980562,0.10102304666666667,0.6249983333333333,1.3341933333333333,4501.283333333334,53.108666666666664,0.0071903953333333345,0.04422267999999999,0.05446876666666667,0.01352328,0.02944292666666667,0.007340654000000001,21.78750666666667,36.424773333333334,154.6628,1151.1627333333333,0.2120460666666667,0.748055,0.9010338666666667,0.20025853333333332,0.6167082,0.18160573333333332
1,22.04657333333333,31.062093333333337,146.1136,1164.8932666666667,0.1550514,0.19378186666666666,0.31308206666666666,0.1558286,0.29119093333333335,0.08266817333333333,0.7783658,1810.8760000000002,5180.038,87.79769333333333,0.010709815999999999,0.03992217333333333,0.06531070666666668,0.014404106666666666,0.027227906666666666,0.004992214666666666,27.04656,41.56724666666667,176.29486666666665,1740.928,0.21165746666666665,0.4610091333333333,0.7238322666666667,0.23924806666666668,457.2526666666667,0.10987017333333333
1,24.96107333333333,34.28747333333333,165.67313333333334,1505.1773333333333,0.12177428666666666,0.2226678,0.21463673333333333,0.09835466,0.24002526666666668,0.08110082,0.7199462666666666,0.7852310666666665,4569.936000000001,88.30287333333335,0.006496096666666667,0.04297916000000001,0.04529780666666667,0.012490899333333335,0.01998699333333333,0.005046618666666667,31.282299999999996,40.0258,209.06680000000003,2348.4393333333333,0.19546580000000002,853.6246666666667,0.7889875333333333,0.231217,0.4756464,0.14546593333333332
1,20.893726666666666,23.16056,138.60066666666668,1045.5930666666668,134.71466666666666,0.20194246666666668,0.17538813333333333,0.10041424,0.2588076,0.08439096666666666,432.6413333333333,0.8882100666666667,2827.712666666667,45.37552666666667,0.005420970000000001,0.03715016,0.034507680000000006,0.011744787333333334,0.022059526666666666,0.0049442873333333335,26.178686666666668,35.310786666666665,171.89073333333332,1633.4153333333334,0.18730520000000003,0.7518114666666668,0.6831588000000001,0.24145013333333334,553.1073333333334,0.1597146
1,21.68388,27.966246666666667,142.6162,1126.2923333333333,0.12448153333333334,0.17305653333333335,0.17461093333333333,0.07795316000000001,0.2455952,0.07326405333333334,0.5977963333333334,1.1913180666666665,3896.3626666666664,58.53611333333333,0.007481845333333333,0.03237038,0.04786256666666666,0.015479233333333335,0.03612684666666667,0.003452063333333333,25.919620000000005,37.59057333333333,172.92700000000002,1591.9646666666667,0.2024606,0.4967603333333333,0.7006458000000001,0.2348439333333333,0.6299206,0.11182612666666668
1,18.4585,28.13464,121.28206,819.946,0.12724059333333335,0.14222759999999998,0.17085446666666668,0.07251276000000001,0.24417033333333335,0.07933916666666667,370.4653333333333,1319.9446666666668,3441.700666666667,32.266753333333334,0.007613969333333334,0.03879523333333334,0.0623703,0.015038820000000001,0.026269360000000002,0.0052098306666666675,20.58284666666667,39.32632,150.51773333333333,1035.7485333333334,0.18730520000000003,0.5489622666666667,0.6717598666666666,0.18743473333333335,0.46515419999999996,0.1313468
0,16.878193333333332,23.86004,107.00748666666668,678.4956,0.11635979333333334,0.04878225333333333,0.033186440000000005,0.03786259333333333,0.1900254,0.07594539333333335,0.2382118,3033.670666666667,1.5155399999999999,18.341920000000002,0.005637290666666667,0.0063458379999999995,0.017396326666666666,0.015077680000000001,0.03459835333333334,0.002301807333333333,17.227933333333336,29.546553333333332,109.40385333333332,707.1224666666667,0.12566028666666668,0.05983144666666667,0.06260346,0.06493506,0.25738273333333334,0.07990911333333334
1,19.417046666666668,32.6424,123.75614666666668,905.1789333333332,0.12159294,0.06646355333333334,0.031062093333333336,0.037551713333333334,0.20271966666666666,0.07129514666666667,1572.5346666666667,2834.1893333333337,10462.407333333334,137.30533333333332,0.008915779333333334,0.014170946666666668,0.023549160000000003,0.02483154,0.010209817333333334,0.002272014666666667,19.417046666666668,32.6424,123.75614666666668,905.1789333333332,0.12159294,0.06646355333333334,0.031062093333333336,0.037551713333333334,0.20271966666666666,0.07129514666666667
1,17.461093333333334,26.96884,114.50746666666667,724.3504000000001,0.13160586666666665,0.16256433333333334,0.13769393333333335,0.07045318,222.79733333333334,0.08314744666666667,275.906,0.7660601333333333,2001.29,23.989573333333336,0.006952054,0.029002513333333337,0.039494713333333334,0.016347106666666666,0.01783674,0.004128227333333334,20.116526666666665,33.704573333333336,138.98926666666668,959.0648,208.5486666666667,0.5472783333333333,651.5526666666667,0.29248626666666666,0.3636000666666667,0.1387302
1,17.40928,27.95329333333333,111.63182666666667,729.2726666666667,0.10572510666666667,0.07812155333333334,0.04028486666666667,0.026308220000000004,0.23108746666666669,0.07237027333333333,0.30893699999999996,1.070593,2036.2640000000001,26.593193333333335,0.004248693333333334,0.014274573333333334,0.018005133333333333,0.008913188666666667,0.017875600000000002,0.0016657986666666668,20.63466,39.18383333333333,132.77166666666668,1020.5931333333333,0.14170946666666667,0.26463660000000006,0.270077,0.14404106666666666,0.38782279999999997,0.09256452
1,14.1839,27.65536666666667,93.13446666666668,480.69820000000004,0.1589374,0.1577716,0.13523280000000001,0.07343244666666666,0.2454656666666667,0.0889894,0.30647586666666665,1849.736,2360.0973333333336,21.981806666666667,0.010445568,0.02284968,0.0336139,0.013432606666666668,0.017577673333333335,0.003937813333333334,16.63208,45.777080000000005,112.97897333333333,665.8013333333333,0.24727913333333332,0.3494809333333333,0.5211126,0.18445546666666668,0.3839368,0.12442972000000002
1,24.702006666666666,32.13722,166.19126666666668,1430.048,0.11762921999999999,283.678,0.27292673333333334,0.12902815333333334,299.22200000000004,0.08216299333333334,1.2708515333333332,2158.0253333333335,11.437793333333333,135.88046666666668,0.008481842666666668,0.13031053333333334,0.12594526,0.034170893333333334,0.06908012666666667,0.009904118666666668,31.204580000000004,42.96620666666667,229.79213333333334,2138.595333333333,0.16152806666666666,0.9642461333333333,0.9380804,0.3229266,604.9206666666666,0.1344556
1,17.202026666666665,26.269360000000002,113.10850666666666,706.2157333333334,0.1348442,0.18600986666666666,0.12755147333333333,0.07976662666666667,0.2556988,0.08784950666666667,0.4797914666666667,1.0685204666666668,3143.774,40.582793333333335,0.006569930666666667,0.02781080666666667,0.028303033333333335,0.012383386666666668,0.02226678,0.0042966206666666664,22.512893333333334,36.269333333333336,146.5022,1175.1264,198.186,0.48238213333333335,0.4746101333333334,0.19326373333333335,0.4843251333333334,0.13303073333333335
1,17.059540000000002,28.25122,110.64737333333335,688.4696666666667,0.12582868,0.1356214,0.10698158,0.06803090666666667,0.22616520000000004,0.08001274,0.2510356,0.7931326,1727.9746666666667,18.76938,0.004339366666666667,0.017927413333333333,0.01880824,0.008876919333333334,0.01441706,0.0022279733333333334,21.02326,38.717513333333336,136.65766666666667,959.4534,0.1946886,0.5056981333333334,0.4829002666666667,0.20816006666666667,0.47836660000000003,0.12458516000000001
1,24.157966666666667,22.797866666666668,160.23273333333336,1393.7786666666668,0.14235713333333333,0.21839319999999998,0.2556988,0.13069913333333336,0.24702006666666668,0.07835471333333334,0.8146351333333334,0.8591946,5560.866000000001,92.69405333333334,0.008152828,0.05173561333333334,0.07194281333333334,0.0219559,0.031450693333333335,0.004579003333333334,29.559506666666667,27.616506666666666,195.07719999999998,2029.7873333333334,0.21748646666666668,659.3246666666668,0.9514223333333334,0.3080302666666667,0.4920971333333333,0.11897636666666667
0,10616.552000000001,21.813413333333333,66.98168666666668,261.5278,111.39866666666667,0.07698166,0.020569893333333332,0.007664487333333334,0.22914446666666669,0.08423552666666667,0.2024606,1.2392454,1417.0946666666669,10628.210000000001,0.011616549333333335,0.02132118666666667,0.020569893333333332,0.007664487333333334,0.03334188,0.0033445506666666667,11611.368,28.445520000000002,74.17078666666667,313.72973333333334,0.16800473333333335,0.17577673333333332,0.08911893333333333,0.03321234666666666,0.40220100000000003,0.09597124666666668
1,17.059540000000002,24.17092,111.37276000000001,692.4852000000001,0.1499996,0.15945553333333334,0.15880786666666666,0.09507746666666668,0.27564693333333334,0.08778473999999999,0.3718902,1.1576394,2457.2473333333332,31.411833333333334,0.008461117333333332,0.030258986666666668,0.03762943333333333,0.0157383,0.022577660000000003,0.0047188993333333335,20.29787333333333,36.204566666666665,133.16026666666667,983.6761333333334,0.23134653333333335,0.5396358666666667,0.6484438666666668,0.27046560000000003,0.5051800000000001,0.15271980000000002
0,15.608766666666668,18.950726666666668,101.08781333333336,581.9932666666667,0.13354886666666668,0.11777170666666668,0.08538837333333334,0.03560871333333333,0.21696833333333335,0.07827699333333334,0.3414498666666667,0.9448161333333335,2393.7760000000003,25.738273333333336,0.007108789333333333,0.018484406666666665,0.030077640000000003,0.007331586666666667,0.01849736,0.003137297333333334,17.823786666666667,26.8134,116.42456,754.6612,0.1935228,0.2792738666666667,395.07666666666665,0.08481842666666667,0.35582806666666666,0.10752562
0,17.47404666666667,28.885933333333337,112.57742,726.6820000000001,0.11336757333333335,0.09971476000000001,0.06154128666666667,0.043834080000000004,0.23432580000000003,0.07406716,0.30284893333333335,1752.586,2247.403333333333,26.165733333333336,0.005770709999999999,0.017901506666666667,0.027137233333333333,0.015336746666666666,0.02125642,0.002533672,19.6243,41.21750666666667,128.238,905.1789333333332,0.15051773333333332,0.22163153333333332,0.29559506666666663,0.16606173333333335,0.3718902,0.08959820666666667
0,15.23312,27.979200000000002,96.78730666666667,554.2731333333332,0.11187794000000001,0.06432625333333335,0.021463673333333336,0.014442966666666668,0.19365233333333332,0.07626922666666668,0.5261644,1.5673533333333334,3413.2033333333334,36.87814,0.007586767333333334,0.012639862666666666,0.015129493333333334,0.009643756666666668,0.031165720000000004,0.002291444666666667,16.81342666666667,33.31597333333333,107.48676,669.0396666666667,0.14054366666666668,0.11159296666666668,0.07154126000000001,0.04812163333333334,0.3151546,0.08501272666666666
0,17.668346666666668,21.165746666666667,112.96602,740.6716,0.09954636666666666,0.07848424666666666,0.024054339999999997,0.02231859333333333,0.17525860000000001,0.07711119333333334,0.24248640000000002,1.1961108,1876.938,18.8471,0.005799207333333334,0.015246073333333332,0.013976646666666667,0.010305672,0.017163166666666667,0.003304395333333333,19.00254,30.038780000000003,124.45562666666666,850.6454,0.1410618,0.20492173333333333,136.01000000000002,0.11121732000000001,0.3038852,0.1039505
0,15.46628,23.62688,98.06968666666666,566.8378666666667,0.10700748666666667,0.06154128666666667,0.025543973333333334,0.01747404666666667,0.24196826666666668,0.07914486666666667,0.2944292666666667,0.8198164666666666,1.9689066666666666,22.629473333333333,0.009339353333333333,0.010854893333333336,0.01698182,10.362666666666668,0.02585485333333333,0.0034132033333333337,16.968866666666667,27.629459999999998,108.38054,682.8997333333333,0.14818613333333333,0.11536238666666666,0.11920952666666668,0.08155418666666668,0.36075033333333334,0.09595829333333333
1,23.600973333333332,24.222733333333334,155.8286,1338.0793333333334,0.14870426666666667,0.192357,0.22953306666666665,137.30533333333332,0.2709837333333333,0.08173553333333335,1.0799194,2063.466,6317.340666666667,127.99188666666667,0.005050504666666667,0.038354820000000005,0.03648954,0.011945563999999999,0.03463721333333333,0.006639878666666667,26.68386666666667,31.256393333333335,174.99953333333335,1711.1353333333334,165.80266666666668,0.29753806666666666,0.3397659333333333,0.17163166666666665,0.3913202,0.10345827333333334
1,19.559533333333334,28.52324,125.98412000000002,923.3136,0.11730538666666668,0.09172255333333333,0.06804386,0.04318641333333334,0.20932586666666667,0.07362674666666667,0.40220100000000003,1.0801784666666667,2716.314,38.74342,0.006055683333333333,0.013341933333333333,0.020764193333333333,0.011945563999999999,0.0141839,0.002110098,23.445533333333334,41.04911333333334,152.46073333333334,1334.1933333333334,0.1799218,0.26645006666666665,0.3512944,198.186,0.3465016666666667,0.10198159333333333
0,14.92224,24.287499999999998,94.99974666666668,529.7913333333333,0.12336754666666667,0.07089359333333334,0.039326320000000005,0.029507693333333335,248.70400000000004,0.07651534,0.4208538,1.2423542,2827.712666666667,30.401473333333332,0.010787536,0.011297897333333334,0.01747404666666667,0.011230540000000002,0.041683826666666667,0.003090665333333334,16.63208,29.10614,105.97122,655.6977333333333,0.16178713333333333,0.11295306666666667,0.11756445333333333,0.08181325333333332,0.42823720000000004,0.09113965333333335
1,24.883353333333336,24.05434,162.56433333333334,1492.2240000000002,0.1363986,0.16411873333333335,0.1713726,0.11650228000000001,0.24831540000000005,0.07721482,0.942355,1545.332666666667,6265.527333333334,132.77166666666668,0.008365262666666666,0.02987038666666667,0.03814756666666667,0.019922226666666668,0.023989573333333333,0.0033782293333333335,33.860013333333335,36.45068,220.3362,2778.4900000000002,0.2103621333333333,0.4547915333333334,0.5024598,0.2708542,0.45815940000000005,0.10743494666666668
1,19.054353333333335,27.966246666666667,123.7691,850.9044666666667,0.1472794,0.17681300000000003,0.1674866,0.10521992666666667,0.26256406666666665,0.08753862666666667,0.5474078666666666,1.4896333333333331,3542.736666666667,51.92991333333334,0.004739624666666667,0.036981766666666666,0.03331597333333333,0.01647664,0.023536206666666667,0.005321229333333333,23.14760666666667,39.766733333333335,149.87006666666667,1276.5510000000002,0.1772016,555.698,0.4646360666666667,0.23756413333333334,0.47901426666666674,0.14170946666666667
0,16.904100000000003,25.012886666666663,107.00748666666668,682.8997333333333,0.10440386666666668,0.04908018,0.0008963706666666667,0.005397653999999999,0.23562113333333334,0.07125628666666668,523.3146666666667,1572.5346666666667,3361.39,42.69418666666667,0.009703342,0.011130799333333335,0.0008963706666666667,0.005397653999999999,0.0283678,0.0038730466666666665,18.432593333333333,28.821166666666667,116.89088,808.4175333333334,0.13225353333333334,0.08019408666666668,0.00238989,0.014391153333333335,0.31593180000000004,0.08146351333333333
0,11163.182666666668,15.27198,70.38841333333333,290.80233333333337,0.12632090666666665,0.06828997333333334,0.02669682,0.010102304666666668,0.21800460000000002,0.09309560666666668,0.20194246666666668,0.7507752000000001,1354.9186666666667,10779.764000000001,0.01309582,0.013665766666666667,0.025660553333333336,0.007437804,0.027072466666666666,0.003611389333333333,12314.734000000002,19.948133333333335,77.59046666666667,356.08713333333327,0.22448126666666668,0.1604918,0.15129493333333335,0.05724078,417.0973333333334,0.11691678666666667
0,13.173540000000001,19.27456,83.61376666666666,404.0144666666667,0.14689080000000002,0.10441682000000001,0.014041413333333336,0.0167098,0.3553099333333333,0.09015519999999999,0.6681329333333333,1866.5753333333334,4290.144,44.84444,0.009733134666666667,0.014235713333333332,0.00992873,0.010612666000000002,0.054183793333333334,0.007711119333333333,14.274573333333334,22.603566666666666,90.49198666666666,477.45986666666676,0.16515500000000002,0.12779758666666666,0.02808282666666667,0.03340664666666667,0.4607500666666667,0.10388573333333333
0,11137.276,27.176093333333338,70.80292,287.3049333333334,0.16100993333333333,0.11610072666666667,0.03886,0.011993491333333333,0.23678693333333334,0.08752567333333335,0.4639884,2677.454,3229.266,23.821180000000002,0.015453326666666668,0.040958440000000006,0.03886,0.011993491333333333,0.04348434,0.003948176,12389.863333333335,35.02581333333333,80.38838666666668,354.79179999999997,0.21230513333333334,0.21994760000000002,0.11659295333333335,0.03598436,0.3849730666666667,0.09989610666666666
1,18.4585,28.691633333333332,124.89604000000001,836.3967333333335,0.13588046666666667,0.26010293333333334,0.27655366666666664,0.11208519333333333,0.25246046666666666,0.09445570666666668,0.9113965333333334,1642.4826666666668,6959.826,78.73036,0.012185200666666667,0.09139872,0.08936504666666667,0.023937760000000002,22.020666666666667,0.007918372666666668,22.888540000000003,38.22528666666667,154.27419999999998,1242.8723333333335,212.43466666666666,0.8091947333333334,0.8966297333333334,0.231217,0.3683928,0.14663173333333332
0,11882.092666666666,17.95332,76.68373333333334,337.9524666666667,0.10001268666666667,0.11335462000000002,0.07756456,0.028238266666666668,0.30323753333333336,0.09019406,0.5308276,2933.9300000000003,3378.229333333333,30.46624,0.011318622666666667,0.051010226666666665,0.05585477333333333,0.020207199999999998,0.05430037333333334,0.007541430666666667,12.966286666666667,24.909260000000003,84.96091333333334,401.6828666666667,0.12740898666666667,0.21735693333333336,0.18095806666666667,0.06589360666666667,0.4251284,0.10997380000000001
1,16.424826666666664,30.880746666666667,107.11111333333334,646.3713333333334,0.1453364,0.1634710666666667,0.1461136,0.08902826000000001,0.246761,0.08536246666666668,0.5511643333333334,1525.9026666666668,3791.440666666667,47.227853333333336,0.010078988666666667,0.03430042666666667,0.03851026,0.0167098,0.021178699999999998,0.004664495333333333,22.137246666666666,43.35480666666667,144.81826666666666,1150.6445999999999,0.2397662,0.5260348666666667,0.5212421333333334,0.2222792,0.43821126666666665,0.13354886666666668
1,19.145026666666666,31.010280000000005,126.16546666666669,865.6712666666666,0.15181306666666666,0.1915798,0.16411873333333335,0.11695564666666668,0.2529786,0.08619148,0.4633407333333334,1659.3220000000001,3.1735666666666673,45.64754666666667,0.008682619333333334,0.0299222,0.02998696666666667,0.015336746666666666,24.611333333333334,0.004176154666666667,22.42222,43.251180000000005,148.4452,1198.3128666666669,0.21347093333333333,0.44248586666666667,0.3917088,0.2090668,0.43018020000000007,0.11542715333333332
0,12260.33,27.214953333333337,77.86248666666667,348.9628,0.13523280000000001,0.10068625999999999,0.028134640000000002,0.019481813333333334,0.22240873333333333,0.08936504666666667,0.3045328666666667,2604.9153333333334,2.150253333333333,18.393733333333333,0.013626906666666667,0.022733100000000003,0.02220201333333333,0.012089345999999999,0.029520646666666667,0.005488327333333334,13.48442,40.880720000000004,86.82619333333334,428.36673333333334,0.2005176,0.21554346666666666,0.12191677333333334,0.08441687333333335,0.37279693333333336,0.11931315333333332
0,14.650220000000003,24.663146666666666,93.00493333333333,510.4908666666667,0.10542718000000001,0.06089362000000001,0.048043913333333334,0.028885933333333336,0.19637253333333335,0.07340654,0.35323740000000003,1.2213698,2371.7553333333335,23.5103,0.012023284,0.011937792000000001,0.02672272666666667,0.011612663333333335,0.028277126666666666,0.002779785333333333,15.97146,30.880746666666667,101.036,604.5320666666667,167.098,0.11849709333333334,0.18704613333333334,0.09016815333333333,0.31088,0.08602308666666668
0,11695.564666666667,22.448126666666667,76.15264666666667,324.481,0.13808253333333334,0.18303060000000002,405.4393333333333,0.05667083333333333,0.2734448666666667,0.10422252,0.4240921333333334,1546.628,2441.7033333333334,22.888540000000003,0.012369138000000002,0.11147638666666666,0.3935222666666667,0.04303097333333333,0.054365140000000006,0.012382091333333333,13.354886666666667,29.339299999999998,84.84433333333334,420.59473333333335,0.1919684,0.565413,1621.7573333333332,226.68333333333337,0.5476669333333334,0.15220166666666665
0,16.55436,21.360046666666666,105.40127333333334,650.9050000000001,0.12734421999999998,0.06779774666666667,0.047318526666666666,0.037098346666666664,205.958,0.07322519333333333,0.30673493333333335,1.1310850666666667,1905.4353333333336,23.74346,0.010313444,0.007269410666666667,0.020531033333333334,0.011220177333333333,0.029196813333333335,0.002468905333333333,17.43518666666667,25.59578666666667,110.97120666666667,718.7804666666666,0.1678752,0.09146348666666669,0.13458513333333336,0.07619150666666667,0.3086779333333334,0.08303086666666668
1,24.533613333333335,27.603553333333334,160.1032,1463.7266666666667,0.11669658000000001,0.1332898,139.896,0.10299195333333333,0.20492173333333333,0.07073815333333333,1.0217589333333332,1.0330283333333334,7106.198666666667,124.41676666666666,0.005756461333333334,0.021398906666666665,0.029391113333333333,0.017746066666666668,0.017953320000000002,0.002199476,32.20198666666666,34.42996,214.8958,2417.092,0.15453326666666667,0.3025898666666667,0.3480560666666667,0.23173513333333337,0.33043953333333337,0.08534951333333335
0,11512.922666666667,18.96368,76.15264666666667,316.0613333333334,0.12672246,0.19831553333333338,0.11147638666666666,0.03720197333333333,0.24637240000000002,0.11632093333333333,0.6816044,1.1038830666666666,4103.616,32.95328,0.02229268666666667,0.12134682666666667,0.07345835333333334,0.022875586666666666,0.03291442,0.028406660000000004,12607.479333333335,20.29787333333333,81.03605333333334,368.3928,0.15634673333333335,0.3155432,0.1857508,0.06199465333333334,0.2919681333333333,0.14041413333333333
1,22.279733333333336,31.761573333333335,147.92706666666666,1203.8828,0.1387302,237.04600000000002,0.2191704,0.10290128,0.24961073333333336,0.08402827333333333,0.7651534,1348.442,4799.21,89.98680666666667,0.007538840000000001,0.07274592,0.055077573333333345,0.014598406666666668,0.01977974,0.008159304666666667,30.207173333333333,43.808173333333336,196.37253333333334,2177.4553333333333,0.20531033333333334,0.9577694666666666,0.8505158666666667,0.2459838,0.42914393333333334,0.17344513333333333
1,17.875600000000002,20.453313333333334,117.13699333333335,756.6042000000001,0.13044006666666666,165.80266666666668,0.10089351333333334,0.06566044666666666,0.21528440000000001,0.08505158666666666,0.3610094,0.8037543333333335,2534.9673333333335,30.246033333333333,0.006110087333333333,0.026748633333333337,0.022784913333333337,0.011924838666666668,0.015803066666666667,0.004054393333333334,21.463673333333332,27.020653333333332,142.87526666666668,1052.3288,0.18277153333333332,0.45880706666666665,0.3599731333333333,0.17914460000000001,0.33536180000000004,133.41933333333336
0,15.945553333333335,21.398906666666665,102.57744666666667,609.9724666666667,0.11880797333333333,0.08845831333333333,0.04367864,0.029429973333333335,222.79733333333334,0.07660601333333333,0.324481,1327.7166666666667,2.25388,25.49216,0.0062875480000000004,0.02356211333333334,0.023652786666666665,0.010317330000000001,0.017953320000000002,0.0029844480000000002,18.277153333333334,30.06468666666667,116.20435333333332,791.5782,0.1523312,0.23872993333333334,0.2205952666666667,0.11217586666666667,0.3391182666666666,0.09856191333333335
1,20.816006666666667,25.4533,134.8442,1059.1940666666667,0.11875616,0.10911887999999999,0.12654111333333334,0.08598422666666666,0.2329009333333333,0.06983142,0.9681321333333334,1316.0586666666666,6514.231333333333,102.65516666666667,0.014015506666666665,0.028536193333333335,45.336666666666666,0.023432579999999998,0.020077666666666667,0.0025233093333333336,25.60874,31.813386666666663,166.83893333333336,1584.1926666666668,0.1943,0.26489566666666664,0.3664498,196.89066666666668,343.2633333333333,0.08273293999999999
0,17.525859999999998,14.170946666666666,113.87275333333334,724.3504000000001,0.16722753333333332,0.1356214,0.08908007333333333,0.08492205333333332,0.31126860000000006,0.08602308666666668,0.5312162,1313.468,3435.224,42.292633333333335,0.017357466666666668,0.036774513333333335,0.015051773333333332,0.010672251333333334,0.03331597333333333,0.007984434666666667,18.238293333333335,16.178713333333334,118.34165333333334,784.3243333333334,0.1879528666666667,0.17862646666666668,0.11060851333333332,0.09594533999999999,351.0353333333333,0.09314742
1,23.38076666666667,20.919633333333334,155.69906666666668,1303.1053333333334,0.137953,0.2779785333333334,0.21813413333333334,139.896,0.2787557333333333,0.08643759333333334,1.2702038666666666,0.713081,8174.848666666668,174.61093333333335,0.010284946666666666,0.07563451333333333,0.06033662666666667,0.0268134,0.033562086666666664,0.009137281333333334,29.002513333333336,24.494753333333335,194.42953333333332,2085.4866666666667,0.19145026666666665,0.7297908000000001,0.49041320000000005,0.2722790666666667,0.4858795333333333,0.14352293333333332
1,26.139826666666668,31.049139999999998,186.1394,1612.6899999999998,0.16657986666666666,0.4474081333333333,0.48626813333333335,0.20777146666666665,0.37642386666666666,0.10546604000000002,1.2068620666666667,2441.7033333333334,11203.338000000002,150.7768,0.01344556,0.08853603333333332,0.14132086666666668,0.03358799333333334,0.10226656666666667,0.007755160666666667,30.27194,41.08797333333333,220.5952666666667,2102.326,0.21230513333333334,0.7984434666666665,0.9949455333333334,0.32486960000000004,704.6613333333333,0.12906701333333334
0,17.279746666666668,20.543986666666665,112.03338000000001,673.5733333333334,0.13963693333333335,0.1988336666666667,0.15142446666666667,0.09050493999999999,0.25155373333333336,0.08940390666666666,370.4653333333333,1316.0586666666666,1988.3366666666668,16.78752,0.008800494666666667,0.04630816666666667,0.051554266666666675,0.01791446,0.027642413333333338,0.005962419333333334,20.116526666666665,30.038780000000003,125.20692000000001,796.5004666666667,0.1989632,0.6205942000000001,0.6292729333333333,0.22124293333333334,0.45686406666666673,0.13160586666666665
1,32.668306666666666,32.266753333333334,222.1496666666667,2432.636,0.13769393333333335,0.34520633333333334,0.43251179999999995,0.238989,0.2369164666666667,0.08784950666666667,1.1623026,1909.3213333333333,9562.150666666666,155.44,0.010577692,0.07374332666666668,0.0742226,0.026295266666666664,0.013795300000000002,0.007633399333333333,38.86,43.54910666666667,274.22206666666665,3318.6440000000002,0.20375593333333333,0.7870445333333334,0.8388578666666667,0.37137206666666667,0.305051,0.13613953333333334
1,24.740866666666673,34.05431333333333,167.22753333333333,1466.3173333333334,0.157383,0.2319942,0.2509060666666667,0.19028446666666668,0.21165746666666665,0.09357488000000001,672.278,3.76942,7514.228666666667,86.91686666666665,0.009773289999999999,0.07836766666666667,0.027642413333333338,0.023872993333333332,0.039585386666666666,0.013458513333333333,26.334126666666666,42.38330666666666,183.03060000000002,1681.3426666666667,0.18031039999999998,0.36489540000000004,0.3150250666666667,0.2384708666666667,0.29935153333333336,0.11920952666666668
0,15.544000000000002,20.271966666666668,99.67590000000001,574.2212666666667,0.12594526,0.09281063333333334,0.053769286666666666,0.02413206,0.26929980000000003,0.07730549333333334,0.2941702,1625.6433333333334,1866.5753333333334,20.93258666666667,0.007731844666666668,0.02347144,0.025997340000000004,0.009102307333333334,0.025543973333333334,0.003376934,17.707206666666668,32.2538,113.70436000000001,735.6197999999999,0.17836739999999998,0.2594552666666667,0.2936520666666667,0.09885983999999999,0.4376931333333333,0.10264221333333334
1,23.911853333333337,23.989573333333336,156.86486666666667,1392.4833333333333,0.12790121333333335,0.1363986,0.17292700000000003,0.11392456666666667,0.2761650666666667,0.07800497333333334,0.9063447333333333,1910.6166666666668,6194.284,104.40386666666666,0.008382102,0.02136004666666667,0.03634705333333334,0.018393733333333336,0.0306994,0.004863976666666667,29.701993333333334,35.85482666666667,197.14973333333333,2076.4193333333333,0.18108760000000002,0.27059513333333335,0.40893673333333336,0.21269373333333333,0.47862566666666667,0.11112664666666668
1,18.756426666666666,27.797853333333336,122.08516666666667,839.6350666666667,0.12233128,0.12884680666666667,0.15595813333333333,0.06396356,0.26878166666666664,0.07300498666666667,0.5445581333333334,2.87564,4275.895333333333,50.349606666666666,0.012135978,0.03863979333333333,0.06957235333333334,0.02281082,0.03132116,0.004208538,20.997353333333333,37.8885,140.41413333333335,1047.7951333333333,0.16917053333333332,0.2559578666666667,0.4338071333333333,0.15867833333333334,391.1906666666667,0.08867852
1,24.637240000000002,31.85224666666667,158.0306666666667,1393.7786666666668,0.11695564666666668,0.1562172,0.19015493333333336,0.10713702000000001,0.2529786,0.07291431333333333,0.7117856666666666,0.8595832,3957.2433333333333,74.67596666666667,0.005015530666666667,0.02386004,0.04805686666666667,15.544000000000002,0.02544034666666667,0.004322527333333334,31.813386666666663,39.391086666666666,198.05646666666667,2102.326,0.16178713333333333,0.41528386666666667,0.7454643333333334,0.2533672,0.5124338666666667,0.12031056000000001
0,16.01032,28.23826666666667,103.34169333333334,603.7548666666668,0.11362664000000001,0.12234423333333334,0.0779143,0.048510233333333326,249.99933333333334,0.08295314666666667,0.38575026666666673,1945.5906666666667,2853.6193333333335,27.13723333333333,0.009212410666666667,0.03229266,0.03501286,0.016748660000000002,0.025362626666666666,0.005781072666666667,17.914460000000002,39.50766666666667,118.47118666666665,744.4280666666667,0.16891146666666665,0.3190406,0.3152841333333333,0.15608766666666665,0.3849730666666667,0.11996082000000001
0,18.96368,19.74088,124.05407333333333,844.4277999999999,0.14663173333333332,0.17344513333333333,0.12909292,0.09150234666666666,0.27409253333333333,0.08220185333333334,0.6625629999999999,0.9549197333333334,4940.401333333333,55.38845333333333,0.007134696,0.05715010666666667,0.057460986666666665,0.021023260000000002,0.03143774,0.006270708666666666,21.165746666666667,23.62688,141.70946666666669,1040.9298666666666,0.16541406666666666,0.4001284666666667,0.33730480000000007,0.18095806666666667,0.4081595333333334,0.10975359333333334
0,18.937773333333332,31.113906666666665,122.49967333333332,858.4174000000002,0.11624321333333333,0.11147638666666666,0.04018124,0.03830300666666667,0.21826366666666666,0.07598425333333333,0.48199353333333333,1439.1153333333334,2952.0646666666667,43.73045333333334,0.006305682666666666,0.023549160000000003,0.014520686666666666,0.011147638666666668,0.0270077,0.003747399333333334,20.86782,37.70715333333333,133.2898,1041.0594,0.14442966666666668,0.2287558666666667,0.11902818,0.08997385333333334,0.32668306666666663,0.09385985333333334
1,19.909273333333335,29.481786666666668,129.79240000000001,943.2617333333334,119.17066666666666,0.13419653333333334,0.1453364,0.09692979333333333,0.22240873333333333,0.07897647333333334,0.4053098,1.0897639333333335,2687.8166666666666,38.134613333333334,0.012800484,0.031657946666666666,0.05869155333333334,0.022836726666666668,0.03200768666666667,0.002774604,21.282326666666666,33.47141333333334,139.24833333333333,1076.2924666666665,0.1628234,0.25867806666666665,0.3686518666666667,0.1911912,0.33108719999999997,0.08844535999999999
0,17.189073333333333,19.11912,109.76654666666667,714.6354000000001,0.09527176666666669,0.0654791,0.042240820000000005,0.03430042666666667,0.17953320000000003,0.06888582666666666,0.5255167333333334,1493.5193333333334,3498.6953333333336,47.085366666666665,0.005804388666666667,0.01344556,0.017590626666666668,0.014015506666666665,0.013847113333333334,0.0018588033333333334,21.19165333333333,28.9507,135.36233333333334,1075.9038666666668,0.13031053333333334,0.16036226666666667,174.87,0.12966286666666668,0.26256406666666665,0.08038838666666666
0,17.422233333333335,23.704600000000003,112.17586666666666,719.0395333333335,0.1323830666666667,0.10576396666666667,0.05147654666666667,0.036010266666666665,0.21217560000000002,0.07396353333333333,382.1233333333334,1778.4926666666668,2718.904666666667,32.668306666666666,0.0076217413333333345,0.01931342,0.024248640000000002,0.012132091999999999,0.024404079999999998,0.0023536206666666666,19.559533333333334,33.600946666666665,126.41158000000001,905.9561333333332,0.17344513333333333,0.22681286666666667,0.17888553333333335,0.10247382000000001,0.34689026666666667,0.08553086
1,19.507720000000003,25.686459999999997,129.92193333333333,913.9872,0.13458513333333336,0.20116526666666668,0.2202066666666667,0.11418363333333335,0.24028433333333332,0.08139874666666666,0.6176149333333333,1.2492194666666667,4800.5053333333335,61.06201333333334,0.011981833333333332,0.04812163333333334,0.06304387333333333,0.02397662,0.019404093333333334,0.004559573333333333,23.613926666666668,31.385926666666666,159.97366666666667,1327.7166666666667,0.2009062,0.5444286,0.6739619333333334,0.273963,0.36709746666666665,0.10665774666666666
1,26.243453333333335,29.831526666666672,171.50213333333332,1637.3013333333336,0.11759036,0.17007726666666667,0.18976633333333334,0.11247379333333335,0.2713723333333333,0.07317338,0.9813445333333335,1954.6580000000001,5898.948,113.82094000000001,0.0077927253333333335,0.04510350666666666,0.054818506666666676,0.016437780000000003,0.034417006666666666,0.0057137153333333334,31.372973333333334,40.91958,202.20153333333334,2266.8333333333335,154.14466666666667,0.45841846666666664,0.5308276,0.20375593333333333,0.4778484666666667,0.10839349333333335
0,15.77716,23.108746666666665,100.76398,584.3248666666667,0.13536233333333333,0.09141167333333333,0.0322538,0.038095753333333336,0.24611333333333332,0.08594536666666668,0.47422153333333333,1957.2486666666666,3.121753333333334,31.65794666666667,0.007037546000000001,0.01527198,0.01465022,0.019676113333333335,0.0287564,0.004414496,16.619126666666666,27.09837333333334,106.39868000000001,641.4490666666667,147.668,0.12121729333333332,0.0645076,0.07619150666666667,0.28847073333333334,0.09554378666666669
0,12677.427333333333,25.828946666666667,80.45315333333333,381.4756666666667,0.13264213333333333,0.06866562,0.008845831333333333,0.010281060666666666,174.87,0.08924846666666668,433.93666666666667,2646.366,2761.650666666667,25.971433333333337,0.01441706,0.018950726666666667,0.006875629333333334,0.006800500000000001,0.023328953333333336,0.007340654000000001,14.14504,34.05431333333333,89.13188666666667,474.22153333333335,0.17046586666666666,0.12270692666666666,0.026541380000000003,0.03084188666666667,0.2505174666666667,0.11642456000000001
0,15.025866666666666,16.63208,96.29508,534.4545333333334,0.11635979333333334,0.09747383333333333,0.05435218666666666,0.04339366666666667,209.84400000000002,0.08525884,0.2998696666666667,0.6983142,1910.6166666666668,20.401500000000002,0.007970185999999999,0.017227933333333334,0.02192999333333333,0.008917074666666667,0.021385953333333332,0.003304395333333333,16.917053333333335,22.22792,107.46085333333333,663.8583333333333,0.1853622,0.2397662,0.24896306666666668,0.10944271333333333,0.35906640000000006,0.11341938666666668
1,18.678706666666667,25.60874,122.38309333333335,832.2516666666667,0.12632090666666665,0.14779753333333331,0.12160589333333334,0.07563451333333333,0.24339313333333334,0.08277179999999999,0.374999,2397.662,3077.712,34.7797,0.010369143333333334,0.0374999,0.04301802000000001,0.018445546666666666,0.018937773333333335,0.005766824,21.15279333333333,39.97398666666667,141.839,1070.4634666666668,0.1853622,0.39196786666666666,0.4137294666666667,0.20271966666666666,0.3520716,0.12115252666666666
1,17.62948666666667,32.35742666666667,114.0541,754.7907333333334,0.12290122666666668,0.11024582000000001,0.1117225,0.05814751333333334,0.2084191333333333,0.07604902000000001,0.5913196666666667,1.6709800000000001,3705.9486666666667,55.880680000000005,0.007606197333333333,0.01927456,0.03428747333333334,0.012851002,0.018976633333333333,0.0030505099999999998,22.00771333333333,45.68640666666667,140.67319999999998,1174.2196666666666,0.16385966666666668,0.2516832666666667,0.41049113333333337,0.15336746666666667,0.34339286666666663,0.09581580666666667
0,9042.722,17.396326666666667,56.72264666666667,185.8803333333333,151.554,0.09803082666666667,0.0,0.0,249.99933333333334,0.10126916000000001,0.2902842,1953.3626666666667,2011.6526666666668,12737.012666666667,0.013199446666666665,0.014041413333333336,0.0,0.0,0.03444291333333333,0.005310866666666667,10.271993333333333,25.310813333333332,65.29775333333333,239.8957333333333,0.20518080000000002,0.1556990666666667,0.0,0.0,0.3797917333333334,0.12152817333333334
0,15.77716,26.58024,100.02564000000001,594.1694,0.10379506000000001,0.05230556,0.030867793333333334,0.0229274,0.22525846666666668,0.07353607333333334,0.24922213333333332,2034.9686666666666,1532.3793333333333,19.015493333333335,0.006580293333333334,0.007898942666666667,0.013847113333333334,0.008804380666666667,0.018743473333333333,0.0019844506666666668,17.279746666666668,42.538746666666675,109.55929333333334,709.5835999999999,0.14546593333333332,0.11479244000000001,0.14831566666666668,0.09625622,0.34896279999999996,0.08909302666666667
0,12792.712,25.129466666666662,82.83656666666667,386.39793333333336,0.13018100000000002,0.12560847333333333,0.07971481333333333,0.03923564666666667,0.2519423333333333,0.08189097333333333,0.2335486,1582.8973333333333,1979.2693333333334,15.246073333333333,0.011733129333333333,0.028445520000000002,0.03923564666666667,0.014404106666666666,0.020841913333333333,0.00462434,13.937786666666668,34.753793333333334,93.54897333333334,467.8744,0.20194246666666668,0.2981857333333333,0.3424861333333334,0.12628204666666668,0.3396364,0.10997380000000001
0,13.588046666666669,24.98698,87.31842,435.3615333333334,0.12939084666666667,0.11111369333333333,0.03879523333333334,0.015556953333333333,0.2871754,0.08395055333333334,459.8433333333333,1987.0413333333333,2981.8573333333334,29.96106,0.009838056666666668,0.02874344666666667,0.0373056,0.011158001333333334,0.03510353333333333,0.004470195333333334,14.948146666666666,30.19422,96.13964,521.7602666666667,0.15790113333333333,0.19248653333333335,0.10345827333333334,0.04148952666666667,0.36606120000000003,0.09782357333333334
1,16.98182,20.15538666666667,112.96602,686.7857333333335,0.18108760000000002,0.22862633333333335,0.26826353333333336,0.12436495333333335,0.24935166666666667,0.09963704000000001,0.5062162666666666,1.1966289333333333,3.121753333333334,44.896253333333334,0.009277177333333332,0.03772010666666667,0.07089359333333334,0.017979226666666667,0.020038806666666666,0.009194276,21.126886666666667,29.015466666666665,137.8234666666667,1071.4997333333333,0.24119106666666668,0.5309571333333333,0.8259045333333334,0.2572532,0.4076414,0.18199433333333337
0,15.07768,23.74346,97.37020666666668,534.325,0.14792706666666666,0.1317354,0.09158006666666667,0.04514236666666666,0.23328953333333335,0.08445573333333332,396.372,2146.367333333333,2791.443333333333,26.709773333333334,0.011062146666666668,0.0299222,0.03814756666666667,0.018108759999999998,0.02027196666666667,0.0049740800000000005,17.020680000000002,37.901453333333336,110.76395333333335,675.7754000000001,0.21865226666666668,344.5586666666666,0.37214926666666664,0.1577716,0.3634705333333334,0.11783647333333334
0,16.01032,24.01548,102.34428666666668,604.5320666666667,0.10980540666666666,0.08827696666666668,0.03423566,0.024883353333333334,0.2075124,0.07857492,0.15531046666666667,1.1585461333333333,1.0989608000000002,11952.040666666668,0.004477967333333333,0.01356214,0.01511654,0.0071994626666666665,0.01620462,0.001756472,17.21498,35.608713333333334,110.82872000000002,704.7908666666667,0.15336746666666667,0.2542739333333333,0.2509060666666667,0.10935204,0.3863979333333334,0.09306969999999999
1,28.84707333333333,25.47920666666667,197.92693333333338,1954.6580000000001,0.17176119999999998,0.35854826666666667,0.5523301333333334,0.23613926666666665,0.33108719999999997,0.09117851333333332,1573.83,2001.29,13.018100000000002,220.20666666666668,0.008439096666666666,0.11227949333333333,134.71466666666666,0.032124266666666665,0.040310773333333334,0.006524594000000001,36.78746666666667,36.28228666666667,267.87493333333333,3056.986666666667,0.2203362,0.9063447333333333,1.2445562666666667,376.942,0.5252576666666667,0.12680018
0,14.689079999999999,27.53878666666667,93.88576,513.5996666666666,0.11345824666666667,0.08516816666666667,0.06648946,0.02459838,0.19261606666666667,0.08457231333333333,0.3036261333333333,1.2773282000000001,2068.6473333333333,21.256420000000002,0.011804372666666667,0.020168340000000003,0.031644993333333336,0.00833547,0.020310826666666667,0.003208540666666667,16.852286666666668,37.758966666666666,108.79504666666666,671.1122,0.22007713333333334,0.28445519999999996,404.144,0.10722769333333333,0.3664498,0.11440383999999999
0,12664.474,22.00771333333333,80.95833333333333,375.90573333333333,0.13432606666666666,0.10885981333333333,0.056139746666666664,0.023031026666666666,0.20518080000000002,0.09151530000000001,522.0193333333333,1844.5546666666667,3558.280666666667,29.624273333333335,0.017940366666666666,0.03797917333333333,0.03525897333333334,0.01325126,0.04249988666666666,0.0060077559999999995,14.313433333333334,27.810806666666664,92.84949333333334,475.38733333333334,0.1900254,0.22862633333333335,0.16839333333333337,0.06909308,0.3281079333333334,0.10968882666666668
0,16.36006,26.89112,106.41163333333334,622.2781333333334,0.12866546,0.1566058,0.137953,0.07799202000000001,0.22474033333333332,0.09158006666666667,0.4435221333333333,2335.4860000000003,3511.6486666666665,26.528426666666665,0.016722753333333333,0.052357373333333325,0.06607495333333334,0.0297279,0.02777194666666667,0.007630808666666668,17.266793333333336,32.99214,115.28466666666667,683.1588,0.1667094,291.45,0.28704586666666665,0.14313433333333334,0.2883412,0.10992198666666668
0,18.471453333333333,25.4533,126.72246,815.9304666666667,0.10151527333333332,0.2892479333333334,0.3889886,0.10101009333333333,0.22072480000000003,0.10063444666666665,0.4699469333333333,1.9300466666666667,4402.838000000001,37.8885,0.006862676000000001,0.09645052,0.18588033333333331,0.02968904,0.033238253333333335,0.01681342666666667,19.8186,30.73826,138.60066666666668,918.3913333333334,0.11591938,0.5431332666666667,0.8786246000000001,0.19494766666666666,0.31062093333333335,0.1401550666666667
0,13.613953333333333,26.152780000000003,88.91168,432.9004,0.1453364,0.16878193333333333,0.08388578666666667,0.039740826666666666,0.24896306666666668,0.10080284,0.4321232,2.40932,2643.7753333333335,25.790086666666667,0.01538856,0.048536140000000005,0.05946875333333334,0.019999946666666667,0.029624273333333336,0.008797904,14.45592,29.468833333333336,94.06710666666667,484.9728,0.16839333333333337,0.2654138,0.16774566666666668,0.07948165333333333,0.3086779333333334,0.11691678666666667
0,11303.078666666668,20.505126666666666,72.33141333333334,299.09246666666667,148.96333333333334,0.10623028666666667,0.05352317333333334,0.024922213333333335,0.21360046666666666,0.09887279333333333,0.215673,0.7595834666666668,1753.8813333333335,11613.958666666667,0.010700748666666668,0.02866572666666667,0.04221491333333333,0.013471466666666666,0.022124293333333336,0.004930038666666667,12471.469333333334,25.414440000000003,83.52309333333334,368.3928,0.22331546666666668,0.3062168,0.3181338666666667,136.01000000000002,0.3790145333333334,0.1317354
0,15.453326666666667,27.888526666666667,99.13186,568.1332000000001,0.12652816,0.10167071333333334,0.04310869333333333,0.026010293333333337,0.21865226666666668,0.08023294666666668,0.40388493333333336,1.1952040666666666,2.590666666666667,32.111313333333335,0.010107486,0.032474006666666666,0.02376936666666667,0.009988315333333333,0.01655436,0.004994805333333334,17.707206666666668,33.87296666666666,113.39348000000001,755.1793333333334,0.1943,0.31075046666666667,0.1946886,0.09387280666666668,0.31580226666666666,0.11063442000000001
0,11.593233333333332,20.414453333333334,76.08788,317.6157333333333,0.12256444,0.16100993333333333,0.11998672666666667,0.029896293333333334,0.169041,0.09278472666666666,0.40569839999999996,1.2680018,4.248693333333333,21.94294666666667,0.02376936666666667,0.08756453333333332,0.11998672666666667,0.029896293333333334,0.030880746666666667,0.007255162,12194.268000000002,22.111340000000002,82.04641333333335,349.74,0.15271980000000002,0.24339313333333334,0.19999946666666668,0.049818520000000005,0.2139890666666667,0.10002564000000001
1,19.261606666666665,21.59320666666667,127.77168,884.065,0.15051773333333332,0.21360046666666666,218.91133333333335,0.11558259333333333,0.2794034,0.08766816000000001,0.5525892,1.2291418,3871.7513333333336,53.34182666666667,0.009047903333333334,0.033199393333333334,0.03900248666666667,0.016463686666666668,0.02075124,0.005031074666666667,24.365219999999997,35.453273333333335,164.63686666666666,1418.39,0.2432636,580.3093333333334,0.6093248,0.26256406666666665,0.464377,0.137953
1,20.440360000000002,29.676086666666667,136.91673333333333,1013.7278666666667,0.14961100000000002,0.2269424,0.2762946,0.12278464666666666,0.2715018666666667,0.09496088666666667,715.024,1388.5973333333334,4660.609333333334,75.94539333333334,0.011268104666666667,0.05150245333333333,0.07707233333333334,0.018005133333333333,0.019365233333333332,0.007751274666666666,26.152780000000003,39.50766666666667,168.78193333333334,1647.664,0.24028433333333332,0.6379516666666667,0.9528472,0.2634708,0.4240921333333334,0.16217573333333335
1,23.25123333333333,25.919620000000005,147.92706666666666,1272.0173333333335,0.10883390666666666,0.08707230666666667,0.09446866,0.07248685333333334,0.2757764666666667,0.06509050000000001,0.7132105333333333,1572.5346666666667,4348.434,69.99981333333334,0.005212421333333334,0.010909297333333333,0.029676086666666667,0.012775872666666667,0.06494801333333333,0.002463724,26.65796,36.049126666666666,167.35706666666667,1633.4153333333334,0.13885973333333335,0.1556990666666667,0.29132046666666667,0.153497,0.6323817333333334,0.07915782
0,14.779753333333334,14.015506666666667,94.99974666666668,522.4079333333333,0.12141159333333333,0.08659303333333335,0.045492106666666664,0.03397659333333333,0.21593206666666664,0.07918372666666666,0.18238293333333336,0.5967600666666667,1428.7526666666665,13.601,0.007823813333333334,0.019805646666666666,0.019611346666666668,0.008367853333333333,0.017409280000000003,0.0028575053333333334,16.606173333333334,20.686473333333335,108.47121333333332,661.2676666666667,0.2005176,309.5846666666667,0.2722790666666667,0.11603596000000001,0.39067253333333335,0.11040126
1,24.17092,22.17610666666667,157.2534666666667,1395.0739999999998,0.13652813333333333,0.14248666666666668,0.18873006666666667,0.11224063333333334,0.25466253333333333,0.08047906,0.9233136000000001,2047.9220000000003,6340.656666666667,117.18880666666666,0.010494790666666668,0.027214953333333333,0.04329004,0.020738286666666668,0.02648956666666667,0.0059196733333333335,28.821166666666667,32.2538,188.34146666666666,2006.4713333333332,0.1946886,0.2967608666666667,0.4238330666666667,0.2168388,0.3748694666666667,0.10953338666666666
1,31.411833333333334,26.165733333333336,215.2844,2281.082,0.18743473333333335,0.37137206666666667,0.5528482666666666,0.2606210666666667,0.343911,0.08908007333333333,1954.6580000000001,4.041440000000001,12703.334,301.81266666666664,0.030220126666666666,0.12702038666666668,0.16554359999999999,0.023600973333333334,0.058898806666666664,0.012791416666666666,33.704573333333336,31.075046666666665,234.3258,2685.226,0.21968853333333335,0.5497394666666667,0.7516819333333334,0.29119093333333335,0.4173564,0.10374324666666666
0,18.782333333333334,14.106180000000002,122.12402666666668,829.9200666666667,0.1426162,0.14235713333333333,0.11453337333333334,0.07484436,0.24041386666666664,0.08292724,0.37940313333333336,1110.1006666666667,2497.402666666667,31.334113333333335,0.004945582666666668,0.016528453333333335,0.03733150666666667,15.544000000000002,0.024740866666666667,0.0036372960000000004,20.33673333333333,20.699426666666668,133.16026666666667,965.6709999999999,0.17007726666666667,0.2316056,331.60533333333336,0.1581602,0.3742218,0.10370438666666669
0,17.318606666666664,21.230513333333334,111.52819999999998,716.967,0.09216296666666668,0.09488316666666667,0.10481837333333334,36.269333333333336,0.1841964,0.07542726,0.21230513333333334,1.47668,1584.1926666666668,18.989586666666668,0.007667078,0.042357399999999996,0.06420967333333334,0.01344556,0.015647626666666668,0.005279778666666666,18.471453333333333,29.468833333333336,119.15771333333333,818.7802,0.13277166666666665,0.3278488666666667,0.4284962666666667,0.11629502666666668,0.26528426666666666,0.09880802666666667
0,17.940366666666666,22.29268666666667,114.55928,762.5627333333333,0.11379503333333334,0.07948165333333333,0.018393733333333336,0.014779753333333333,0.2090668,0.07629513333333333,0.28303033333333333,1.1089348666666667,1936.5233333333335,23.19942,0.005957238,0.011876911333333335,0.011822507333333334,0.006235734666666666,0.01615280666666667,0.0022124293333333337,20.064713333333334,30.54396,129.92193333333333,940.2824666666667,0.14987006666666666,174.87,0.1051163,0.06611381333333334,0.3062168,0.09303084
1,17.62948666666667,31.98178,113.67845333333334,741.7078666666667,0.11992196,0.10183910666666667,0.06845836666666667,0.03996103333333333,0.2281082,0.07940393333333333,299.22200000000004,1301.8100000000002,2269.424,25.686459999999997,0.005295322666666667,0.015207213333333336,0.02326418666666667,0.008911893333333334,0.01713726,0.0018976633333333333,21.87818,46.16568,146.63173333333336,1099.3494,0.19054353333333338,0.37357413333333334,0.4917085333333333,0.1721498,449.48066666666665,102.33133333333335
1,24.611333333333334,24.494753333333335,159.84413333333336,1474.0893333333333,0.10643754000000001,0.10398936000000002,0.12009035333333334,0.07288840666666667,0.25207186666666664,0.06533661333333333,0.8932618666666667,1738.3373333333332,6756.458666666666,105.21992666666667,0.005735735999999999,0.03537555333333334,0.052331466666666666,0.01762948666666667,0.026295266666666664,0.0034792653333333336,28.91184,33.32892666666667,191.96839999999997,1992.2226666666668,0.13225353333333334,0.29326346666666664,0.4154134,0.1577716,0.36800420000000006,0.08472775333333332
0,19.559533333333334,21.230513333333334,128.98929333333334,873.7023333333333,148.96333333333334,0.23406673333333336,0.14740893333333335,0.11054374666666666,0.25919620000000004,0.08376920666666667,0.5581591333333333,1383.4160000000002,3621.7520000000004,51.60608000000001,0.011665772,0.0542097,0.04150248,0.029248626666666666,0.030479193333333335,0.006455941333333333,20.86782,23.74346,137.1758,987.8212,0.17953320000000003,0.3734446,253.88533333333336,0.18432593333333336,335.49133333333333,0.10076397999999999
1,25.63464666666667,32.53877333333333,168.91146666666668,1544.0373333333334,0.13147633333333333,0.20582846666666668,0.32966233333333333,0.14883380000000002,0.2852324,0.07918372666666666,0.6415786,1553.1046666666668,3581.596666666667,82.03346,0.006519412666666668,0.041178646666666666,0.061593100000000005,0.013510326666666668,0.02044036,0.004176154666666667,29.313393333333334,43.49729333333334,192.61606666666668,2058.284666666667,0.16515500000000002,0.5001282,0.7348426,0.22435173333333333,0.4281076666666667,0.10964996666666667
0,15.790113333333332,17.21498,102.43496,590.4129333333334,0.13808253333333334,0.12317324666666667,0.036981766666666666,0.03733150666666667,243.52266666666665,0.08382102000000001,0.2597143333333333,1.0573806000000001,2555.692666666667,19.74088,0.008773292666666667,0.031813386666666665,0.013186493333333334,0.010484428000000002,0.03448177333333333,0.005366566,17.279746666666668,23.069886666666665,118.36756000000001,706.2157333333334,0.18484406666666667,0.3348436666666667,0.1284323,0.10604894,0.4493511333333333,0.11970175333333334
1,20.025853333333334,25.233093333333333,131.7354,970.0751333333333,0.1414504,0.1584192666666667,0.1898958666666667,0.10475360666666667,0.25012886666666667,0.07507752,0.6143766,1.0180024666666667,4007.7613333333334,62.577553333333334,0.00808288,0.01922274666666667,0.03643772666666666,0.014157993333333334,0.01809580666666667,0.0031878153333333333,24.948120000000003,33.678666666666665,161.78713333333334,1497.4053333333334,0.20025853333333332,0.3101028,0.4910608666666667,0.1961134666666667,0.36748606666666667,0.10387278
1,20.93258666666667,27.901480000000003,137.5644,1048.9609333333333,0.1305696,0.1663208,0.1351032666666667,0.07270706,279.792,0.07630808666666666,0.5611384,1638.5966666666666,3683.928,56.58016,0.0063173406666666675,0.025284906666666666,0.02874344666666667,0.011957221999999998,0.01988336666666667,0.003073826,25.22014,41.03616,168.00473333333332,1522.0166666666667,0.18069900000000003,0.39572433333333334,0.3875637333333333,0.16994773333333335,450.776,0.09869144666666667
0,20.349686666666667,18.043993333333333,132.124,986.6554000000001,0.12256444,0.12256444,0.09242203333333333,0.07685212666666667,0.23523253333333335,0.07413192666666667,0.40375539999999993,1.0563443333333333,2554.3973333333333,36.191613333333336,0.006757754,0.0196243,0.021735693333333334,0.016424826666666666,0.021619113333333332,0.003018126666666667,22.668333333333333,24.93516666666667,148.0566,1195.3336,0.1584192666666667,0.25246046666666666,0.22137246666666666,0.1779788,0.3527192666666667,0.09159301999999998
1,23.898899999999998,28.380753333333335,155.69906666666668,1392.4833333333333,0.12214993333333334,0.12576391333333334,0.14935193333333333,0.08869147333333334,0.2191704,0.07418374000000001,0.7718891333333334,1556.9906666666666,4878.225333333334,88.53603333333332,0.0077732953333333335,0.01841964,0.036981766666666666,0.011849709333333333,0.019326373333333334,0.00285621,29.170906666666667,40.660513333333334,188.60053333333335,2059.58,0.18976633333333334,0.2946883333333334,0.5135996666666667,0.17862646666666668,0.40271913333333337,0.09857486666666666
1,16.541406666666667,29.10614,105.85464,655.8272666666667,0.11729243333333335,0.07462415333333335,0.06102315333333333,0.035025813333333336,0.20531033333333334,0.07856196666666666,0.3066054,1.78756,1887.3006666666668,25.738273333333336,0.009713704666666666,0.015569906666666666,0.030207173333333337,0.011554373333333335,0.021334139999999998,0.003405431333333333,18.76938,43.22527333333333,119.22248000000002,846.6298666666667,0.1838078,0.19727926666666665,0.28199406666666665,0.12086755333333334,0.3664498,0.10449454000000001
0,15.168353333333336,21.59320666666667,96.78730666666667,548.7032,0.13613953333333334,0.07895056666666667,0.04652837333333334,33.678666666666665,0.17344513333333333,0.07700756666666668,0.5814751333333333,3248.696,4220.196,44.52060666666666,0.008520702666666666,0.017875600000000002,0.03448177333333333,0.016930006666666667,0.01760358,0.0048018006666666665,17.266793333333336,33.005093333333335,111.60592000000001,708.1587333333333,0.16463686666666666,0.13316026666666667,0.13549186666666665,0.09025882666666668,0.22176106666666665,0.09511632666666665
0,14.805660000000001,19.93518,94.63705333333333,517.8742666666667,0.12485718000000001,0.08923551333333335,0.045375526666666666,0.037240833333333334,0.2246108,0.0759713,0.22784913333333334,1.2873022666666667,1480.566,16.411873333333336,0.006648946,0.01970202,0.01857508,0.011142457333333335,0.019442953333333336,0.002056989333333333,15.958506666666667,28.52324,103.53599333333335,598.4440000000001,154.14466666666667,0.21347093333333333,0.18121713333333334,0.10979245333333333,0.34663120000000003,0.08762930000000001
1,19.365233333333332,22.759006666666668,125.45303333333334,878.3655333333335,0.1511654,0.169041,0.1993518,0.11170954666666666,0.2534967333333334,0.08051792,1678.7520000000002,1880.8239999999998,10905.411333333333,131.99446666666668,0.012953333333333332,0.045077599999999995,0.08519407333333333,0.03628228666666667,0.06694282666666666,0.0037396273333333333,24.028433333333336,27.758993333333333,157.2534666666667,1258.2868,0.18277153333333332,0.2803101333333334,0.4345843333333334,0.21593206666666664,0.4422268,0.09257747333333334
0,14.61136,17.344513333333335,94.55933333333333,498.4442666666667,0.15077680000000002,0.14714986666666668,0.0600387,0.06212418666666667,0.22940353333333333,0.07865264000000001,0.4383408,1739.6326666666666,2397.662,34.10612666666666,0.014598406666666668,0.04531076,0.02832894,0.0254533,0.02046626666666667,0.004458537333333333,15.440373333333334,20.427406666666666,99.13186,562.1746666666667,0.17707206666666664,0.23600973333333333,0.11229244666666667,0.11154115333333335,0.2722790666666667,0.08787541333333333
0,12613.956,15.505140000000003,79.32621333333334,373.7036666666667,0.11981833333333335,0.05313457333333333,0.0,0.0,0.24650193333333334,0.08318630666666667,0.25751226666666666,642.4853333333334,1577.7160000000001,15.880786666666667,0.007823813333333334,0.007326405333333333,0.0,0.0,0.029494740000000002,0.004170973333333334,13.75644,18.2642,86.17852666666668,444.16979999999995,0.15984413333333333,0.09331581333333334,0.0,0.0,0.40220100000000003,0.10558262
1,20.86782,23.38076666666667,136.13953333333333,1053.106,0.12591935333333334,0.1472794,0.12237014,0.07698166,0.24106153333333333,0.08093242666666667,0.9130804666666666,1725.384,5871.746,95.95829333333334,0.008769406666666667,0.02510356,0.03972787333333334,0.01511654,0.0242875,0.004448174666666666,25.803040000000006,32.73307333333333,167.098,1597.146,0.1702068,0.28963653333333333,0.3629524,0.15751253333333334,0.3616570666666667,0.10567329333333335
0,14.805660000000001,22.42222,95.41425333333332,515.5426666666667,0.1414504,0.12287532000000001,0.026308220000000004,0.02410615333333334,0.21308233333333335,0.08499977333333332,0.3682632666666667,2471.496,2509.0606666666667,27.694226666666665,0.008632101333333333,0.022474033333333334,0.01499996,0.012331573333333333,0.029559506666666666,0.004567345333333334,16.55436,34.66312,107.07225333333334,651.5526666666667,0.18303060000000002,0.23212373333333333,0.09984429333333333,0.08292724,0.3347141333333334,0.10487018666666668
0,15.414466666666668,18.976633333333336,101.17848666666667,560.6202666666667,0.1492224,0.1678752,0.04805686666666667,0.03889886,0.258419,0.10154118000000001,0.5132110666666666,0.8468889333333335,3913.2019999999998,32.42219333333333,0.01317354,0.06141175333333334,0.03612684666666667,0.0143782,0.040505073333333336,0.012205926,17.033633333333334,21.385953333333337,111.73545333333334,660.1018666666668,0.18445546666666668,0.3260354,0.12202040000000001,0.07826404,0.35323740000000003,0.13419653333333334
1,15.284933333333335,21.476626666666665,102.31837999999999,559.584,0.14132086666666668,0.2202066666666667,0.2148958,0.09604896666666667,0.34689026666666667,0.09547902000000001,0.4141180666666667,1847.1453333333336,2954.6553333333336,32.02064,0.007029774,0.047059460000000004,0.060220046666666666,0.023872993333333332,0.07290136,0.0060038700000000006,17.797880000000003,34.17089333333333,119.07999333333335,766.4487333333335,0.1794036666666667,0.5300504,0.5834181333333334,0.24157966666666666,0.7479254666666667,133.41933333333336
0,19.365233333333332,24.313406666666666,126.73541333333334,893.1323333333333,0.10541422666666667,0.1511654,0.11722766666666667,0.046139773333333335,0.22590613333333334,0.08410599333333334,546.6306666666667,2472.791333333333,4237.035333333333,51.07499333333334,0.00749998,0.06317340666666667,0.06869152666666667,0.01977974,0.04347138666666667,0.012134682666666667,21.049166666666668,32.99214,138.7302,1048.8314,0.12914473333333334,0.3265535333333333,0.32383333333333336,0.10887276666666668,0.3694290666666667,0.11940382666666667
0,18.704613333333334,19.66316,121.72247333333333,829.1428666666667,0.12914473333333334,0.13225353333333334,0.10993494,0.07165784,0.22331546666666668,0.07876922000000001,0.3116572,0.9577694666666666,2.7461066666666665,27.461066666666667,0.0073911720000000005,0.02975380666666667,0.04033668000000001,0.019339326666666667,0.01883414666666667,0.0032746026666666665,20.531033333333333,25.712366666666668,140.67319999999998,993.3911333333334,0.17046586666666666,0.35427366666666665,0.4019419333333334,0.2071238,0.3485742,0.09952045999999999
0,17.797880000000003,23.19942,114.14477333333333,757.77,0.10290128,0.08259045333333333,0.03731855333333333,0.01721498,0.19080259999999996,0.07227960000000001,0.32383333333333336,0.9810854666666667,2037.5593333333334,27.810806666666664,0.003676156,0.020621706666666666,0.023056933333333335,0.007549202666666667,0.01721498,0.0025595786666666666,19.870413333333335,29.093186666666668,125.89344666666666,940.2824666666667,0.12578982000000002,0.23626880000000003,0.20259013333333334,0.07796611333333334,304.40333333333336,0.09085468000000001
0,16.839333333333332,26.91702666666667,108.17328666666668,672.7961333333334,0.14702033333333334,0.09830284666666667,0.040621653333333334,0.03426156666666667,329.01466666666664,0.07884694,0.5442990666666667,1712.4306666666669,3721.492666666667,45.05169333333333,0.009089354,0.014792706666666667,0.02524604666666667,0.014935193333333334,0.03822528666666667,0.001985746,18.341920000000002,31.230486666666668,117.64217333333333,798.8320666666667,0.16800473333333335,0.14313433333333334,0.10507744000000001,0.08155418666666668,0.41398853333333335,0.0833547
0,10646.344666666666,26.8134,69.00240666666667,264.1184666666667,0.12182609999999999,0.169041,0.17111353333333335,0.02808282666666667,0.2878230666666667,0.10700748666666667,0.250647,2541.444,1610.0993333333333,13.225353333333336,0.016100993333333334,0.07015525333333333,0.10042719333333333,0.013238306666666666,0.029909246666666667,0.015259026666666668,11777.170666666667,38.49730666666667,75.23296,323.5742666666667,211.13933333333333,558.2886666666667,0.6970188666666667,0.10205931333333333,0.4303097333333334,0.19248653333333335
0,12604.888666666668,19.870413333333335,82.61636,388.85906666666665,0.13885973333333335,0.2071238,0.5321229333333334,0.10177434,0.3300509333333334,0.12041418666666666,1.0680023333333335,3450.768,5275.892666666667,64.57236666666667,0.014209806666666666,0.12417065333333334,512.952,0.06838064666666667,0.04593252,0.03865274666666667,14.274573333333334,25.24604666666667,92.02048,492.87433333333337,0.1673570666666667,0.35906640000000006,1.0642458666666668,0.20349686666666666,0.40258960000000005,0.16308246666666668
0,14.442966666666669,16.942960000000003,91.80027333333334,494.6878,0.12634681333333334,0.06623039333333335,0.02567350666666667,0.023134653333333335,237.04600000000002,0.0790801,0.29157953333333336,1.012303,1851.0313333333334,20.05176,0.011682611333333334,0.01163857,0.015492186666666666,0.010663184,0.030932559999999998,0.0020971446666666668,15.531046666666668,21.113933333333335,98.76916666666666,570.9829333333333,0.1737042,0.11620435333333334,0.09217592000000001,0.07132105333333333,0.37033580000000005,0.08771997333333333
0,17.033633333333334,19.870413333333335,110.50488666666666,698.0551333333333,0.12155408000000001,0.11007742666666666,0.12037532666666667,0.04511646,0.23600973333333333,0.08040134,351.0353333333333,1.0268107333333332,2356.211333333333,29.520646666666664,0.011119141333333332,0.02612687333333333,0.03946880666666667,0.012352298666666666,0.03586778,0.004506464666666667,19.132073333333334,26.554333333333332,126.51520666666669,877.3292666666666,0.19145026666666665,0.2922272,0.3897658,0.1259323066666667,0.4985738,0.11182612666666668
0,15.867833333333335,23.238280000000003,101.38574,596.2419333333333,0.11209814666666668,0.08651531333333334,0.050323700000000006,0.030194220000000004,255.18066666666667,0.08067336000000001,0.28497333333333336,1.2724059333333333,1922.274666666667,21.385953333333337,0.007147649333333335,0.020233106666666667,0.025828946666666668,0.010264221333333335,0.023303046666666664,0.0032176080000000003,17.60358,32.668306666666666,112.17586666666666,730.8270666666667,0.15764206666666666,0.2316056,0.2516832666666667,0.10635982000000001,0.40323726666666676,0.10533650666666668
1,22.901493333333335,26.865213333333333,152.07213333333334,1248.3127333333334,0.14442966666666668,0.215673,0.24028433333333332,0.13652813333333333,0.2553102,0.07987025333333334,1.0509039333333334,1.8134666666666666,7.176146666666667,121.64475333333333,0.011705927333333333,0.06417081333333334,0.06743505333333334,0.023847086666666666,0.023031026666666666,0.0064352160000000005,26.515473333333333,32.52582,172.14980000000003,1686.5240000000001,0.18367826666666667,0.4531076,0.46411793333333334,0.19624299999999997,0.3190406,0.10023289333333335
0,21.813413333333333,25.20718666666667,140.41413333333335,1140.1524000000002,0.09643756666666668,0.09356192666666667,0.06670966666666667,0.03589368666666667,0.2388594666666667,0.06823816,0.6203351333333333,2.6683866666666667,4506.464666666667,60.37548666666667,0.004459832666666667,0.034468820000000004,0.039585386666666666,0.0143782,0.019689066666666668,0.0019676113333333333,23.600973333333332,36.36000666666667,155.8286,1336.784,0.11365254666666667,221.50199999999998,0.24378173333333333,0.10927432000000002,0.32733073333333335,0.07735730666666667
0,15.621720000000002,16.502546666666667,99.53341333333334,581.0865333333334,0.12060848666666667,0.06788841999999999,0.025543973333333334,0.025427393333333336,205.958,0.07651534,0.23600973333333333,0.9436503333333334,1516.8353333333334,17.163166666666665,0.0071606026666666675,0.012680018000000001,0.010805670666666668,0.008125626,0.018976633333333333,0.003277193333333334,17.020680000000002,23.84708666666667,108.91162666666666,690.1536,0.16515500000000002,0.1595850666666667,0.11186498666666668,0.09099716666666668,0.3256468,0.10230542666666666
0,14.119133333333336,16.78752,88.97644666666667,475.12826666666666,0.0973443,0.04816049333333333,0.0040025799999999995,0.008533656,0.18678706666666667,0.07439099333333334,0.3650249333333333,0.9862668,2341.962666666667,24.01548,0.007955937333333333,0.007945574666666667,0.002376936666666667,0.004632112,0.021204606666666667,0.003452063333333333,16.01032,23.575066666666668,101.12667333333333,608.8066666666667,0.15168353333333331,0.10743494666666668,0.024015480000000002,0.05120452666666667,0.3546622666666666,0.09954636666666666
0,15.220166666666666,26.139826666666668,98.57486666666667,543.7809333333333,0.1410618,0.14779753333333331,0.08863966000000001,0.04841956,0.25815993333333337,0.08358786000000001,0.6499982666666667,2192.9993333333337,5085.478666666667,49.66308000000001,0.012218879333333335,0.031152766666666665,0.053976539999999996,0.014922240000000002,0.04400247333333334,0.006555682,17.25384,33.95068666666667,115.16808666666667,704.5318000000001,0.17590626666666667,0.2450770666666667,0.2533672,0.10244791333333332,0.41036160000000005,0.10345827333333334
1,24.85744666666667,20.647613333333332,163.60060000000001,1498.7006666666666,0.11261628000000001,0.153497,0.15453326666666667,0.12521987333333334,0.22551753333333335,0.06704645333333334,1.2953333333333334,0.8207232000000001,9029.768666666667,154.53326666666666,0.012183905333333333,0.03957243333333334,0.056269280000000005,0.03619161333333334,0.04088072,0.004354910666666667,28.536193333333333,23.069886666666665,189.89586666666665,1936.5233333333335,0.14559546666666667,0.2611392,0.29326346666666664,0.23018073333333333,0.3164499333333333,0.08097128666666666
1,25.37558,23.5103,169.30006666666665,1572.5346666666667,145.07733333333334,0.21580253333333332,0.32486960000000004,0.16657986666666666,0.26256406666666665,0.07878217333333333,0.9538834666666668,1357.5093333333334,6207.2373333333335,125.73800666666666,0.005255167333333334,0.029494740000000002,0.05218898,0.016878193333333333,0.02183932,0.004297916000000001,34.62426,34.18384666666667,226.55380000000002,2891.1839999999997,0.18626893333333336,0.4981852,882.122,0.2910614,0.47188993333333334,0.11946859333333336
0,15.984413333333334,28.782306666666667,103.43236666666667,601.6823333333333,0.13108773333333332,0.13147633333333333,0.06955940000000001,0.03655430666666667,0.2009062,0.08757748666666666,0.3819938,2145.072,2532.3766666666666,27.914433333333335,0.01468908,0.041126833333333335,0.04047916666666667,0.014702033333333335,0.024339313333333334,0.006927442666666668,17.59062666666667,37.15016,113.16032,716.3193333333334,0.18808239999999998,0.30284893333333335,0.21865226666666668,0.10613961333333333,0.29378160000000003,0.11764217333333334
1,30.14240666666667,28.54914666666667,197.02020000000002,2183.9320000000002,0.10931318000000001,0.14831566666666668,0.17150213333333333,0.12567324,0.23328953333333335,0.07192986,0.8603604000000001,1.1089348666666667,5962.419333333334,126.74836666666666,0.006360086666666667,0.03295328,0.03655430666666667,0.021023260000000002,0.025336720000000004,0.004844546666666667,36.28228666666667,36.55430666666667,238.6004,3112.686,0.15906693333333335,0.46411793333333334,0.5113976,0.3038852,0.4648951333333333,0.11900227333333334
0,19.391140000000004,25.59578666666667,123.70433333333334,894.0390666666667,0.10908002,0.06932624,0.025220140000000002,0.025116513333333337,0.19624299999999997,0.06821225333333333,238.34133333333332,1379.53,1665.7986666666666,21.55434666666667,0.004707241333333333,0.010340646,0.010709815999999999,0.008331584000000001,0.024922213333333335,0.001968906666666667,20.699426666666668,33.44550666666667,132.5126,1013.0802,0.13536233333333333,0.12946856666666667,0.10038833333333334,0.07453348,0.3427452,0.07882103333333333
0,13.989600000000001,12.577686666666667,89.08007333333332,463.2112,0.12427428,0.07430032,0.032784886666666666,0.02199476,0.17888553333333335,82.90133333333334,0.2238336,0.5264234666666666,1458.5453333333335,14.870426666666667,0.010115258,0.012714992000000001,0.014235713333333332,0.006922261333333333,0.01624348,0.0027461066666666666,15.025866666666666,15.569906666666666,95.41425333333332,536.268,0.18600986666666666,0.1628234,0.1356214,0.05962419333333333,270.7246666666667,0.09972771333333334
1,21.735693333333334,24.35226666666667,141.57993333333334,1148.0539333333334,0.11483130000000001,0.11893750666666668,0.10909297333333334,0.08518112,0.24520660000000002,0.07168374666666667,775.9046666666667,1801.8086666666668,5348.431333333333,87.22774666666668,0.007931326,0.03199473333333334,0.034015453333333334,0.020777146666666666,0.027085420000000002,0.004524599333333333,25.971433333333337,34.06726666666667,169.30006666666665,1632.1200000000001,0.15129493333333335,0.27448113333333335,0.3002582666666667,0.19093213333333334,363.9886666666667,0.09362669333333333
1,22.629473333333333,31.96882666666667,150.3882,1275.3852,0.13588046666666667,0.20764193333333333,0.27966246666666666,0.1351032666666667,0.19922226666666665,0.08244796666666666,1409.3226666666667,1.82642,9503.860666666667,158.4192666666667,0.007997388,0.047072413333333334,0.060155280000000005,0.02032378,0.014831566666666669,0.006632106666666668,29.974013333333335,41.87812666666667,201.16526666666667,2150.2533333333336,0.17823786666666666,496.11266666666666,633.418,0.2229268666666667,279.792,120.46600000000001
0,19.391140000000004,21.9559,124.63697333333334,888.4691333333334,0.1276551,0.10213703333333335,0.033704573333333335,0.04897655333333334,230.56933333333333,0.07318633333333334,0.3514239333333333,1576.4206666666666,2452.0660000000003,31.450693333333334,0.006580293333333334,0.017746066666666668,0.009424845333333334,0.011752559333333334,0.017487,0.0022098386666666667,20.86782,29.792666666666666,135.49186666666665,1028.1060666666667,0.15751253333333334,0.2120460666666667,0.08611376,0.10990903333333334,0.3113981333333334,0.08326402666666667
0,15.958506666666667,16.049180000000003,102.13703333333332,601.1642,0.13316026666666667,0.09042721999999999,0.05164494000000001,47.92733333333334,0.25375580000000003,0.0771371,305.69866666666667,0.8621738666666666,2.1632066666666665,22.577659999999998,0.010420956666666667,0.015284933333333334,0.021800460000000004,0.016075086666666665,0.024922213333333335,0.0029119093333333334,17.487,20.259013333333336,112.65514,711.2675333333333,0.1794036666666667,0.1639892,0.1608804,0.12164475333333334,0.36619073333333335,0.08770702000000001
1,17.396326666666667,25.42739333333333,111.19141333333334,732.3814666666667,0.11720176,0.08145056,0.07588062666666667,0.04453356,0.20699426666666668,0.07345835333333334,0.6084180666666666,1485.7473333333335,4069.9373333333333,56.21746666666667,0.007775886,0.013769393333333336,0.027862620000000005,0.012231832666666666,0.019689066666666668,0.002419682666666667,23.290093333333335,38.691606666666665,151.03586666666666,1287.0432,0.1814762,0.20025853333333332,0.3424861333333334,150.25866666666667,0.37357413333333334,0.09547902000000001
1,20.025853333333334,15.401513333333334,132.77166666666668,954.5311333333334,0.1628234,0.20142433333333334,0.2632117333333333,0.14209806666666666,0.25466253333333333,0.09156711333333334,0.5452058000000001,0.8527179333333333,3633.41,57.82368,0.006985732666666667,0.03006468666666667,0.05573819333333333,0.0170984,0.02321237333333333,0.005398949333333333,24.339313333333333,22.07248,161.91666666666666,1427.4573333333335,0.19831553333333338,0.46411793333333334,755.1793333333334,0.23665740000000002,0.4165792,130.82866666666666
0,14.352293333333334,19.054353333333335,90.94535333333333,482.77073333333334,0.13031053333333334,0.07439099333333334,0.03060872666666667,0.03345846,0.20284919999999998,0.08638578000000001,0.2685226,2338.076666666667,1783.674,24.71496,0.01937818666666667,0.027474020000000002,0.018821193333333333,0.02050512666666667,0.03992217333333333,0.00619817,14.702033333333333,21.78750666666667,93.27695333333334,513.5996666666666,0.15751253333333334,0.10673546666666667,0.051010226666666665,0.05577705333333333,0.24637240000000002,0.09472772666666668
0,13.808253333333333,19.6243,87.42204666666667,452.84853333333336,0.11388570666666666,0.05572524000000001,0.0,0.0,0.24974026666666668,0.07739616666666667,0.42862580000000006,2493.516666666667,2791.443333333333,28.47142666666667,0.011286239333333335,0.01317354,0.0,0.0,0.04229263333333333,0.001297924,14.948146666666666,24.8704,94.81840000000001,528.8846,0.13937786666666666,0.08796608666666667,0.0,0.0,351.0353333333333,0.07984434666666666
0,11231.835333333334,18.717566666666666,70.49204,294.29973333333334,0.11836756,0.05538845333333334,0.0,0.0,0.22305640000000002,0.08709821333333333,0.2854914666666667,1.0198159333333334,1858.8033333333333,14.714986666666666,0.011880797333333333,0.010371734,0.0,0.0,0.03511648666666666,0.004402838,11997.377333333332,22.07248,75.59565333333333,335.7504,0.15051773333333332,0.09141167333333333,0.0,0.0,0.3357504,0.10165776
0,12828.981333333335,23.39372,83.67853333333333,391.70879999999994,0.12563438000000002,0.16761613333333333,0.16930006666666667,0.048134586666666666,0.2161911333333333,0.10512925333333334,0.5584182,2928.748666666667,4056.9840000000004,35.595760000000006,0.016657986666666666,0.11409296000000001,0.1550514,0.0318652,0.05025893333333334,0.02321237333333333,14.585453333333334,31.593180000000004,94.65000666666667,505.43906666666663,0.1685228666666667,382.1233333333334,0.45155320000000004,0.1283675333333333,0.33860013333333333,0.15051773333333332
1,21.32118666666667,26.049153333333333,141.57993333333334,1078.8831333333333,0.12734421999999998,0.20155386666666666,0.23225326666666665,0.11484425333333333,0.2323828,0.08190392666666667,0.39339273333333336,1663.2079999999999,3215.017333333333,40.91958,0.008584174,0.05303094666666666,0.06957235333333334,0.023484393333333336,0.021787506666666668,0.005937808,23.04398,36.85223333333334,159.97366666666667,1270.9810666666667,0.18328966666666666,0.6045320666666667,0.7593244000000001,0.2636003333333333,0.3955948,0.12330278
0,16.852286666666668,28.782306666666667,106.23028666666669,681.8634666666667,0.08097128666666666,0.02510356,0.002066056666666667,0.0023989573333333333,0.18069900000000003,0.06779774666666667,0.2242222,1479.2706666666666,1426.162,18.57508,0.004427449333333334,0.002917090666666667,0.002066056666666667,0.0023989573333333333,0.020893726666666668,0.0012542712666666668,18.134666666666668,37.59057333333333,114.22249333333333,788.5989333333333,0.10524583333333333,0.04445584,0.010332874,0.011993491333333333,0.297279,0.07568632666666668
0,16.593220000000002,16.917053333333335,105.29764666666667,659.0656,0.11319918,0.04888588,0.011907999333333334,0.017227933333333334,0.1898958666666667,0.07944279333333333,0.3742218,1.2822504666666668,2303.1026666666667,28.225313333333332,0.011054374666666667,0.008243501333333333,0.008005159999999999,0.009595829333333333,0.013795300000000002,0.0043406619999999995,17.655393333333333,20.919633333333334,112.3054,739.2467333333334,0.15051773333333332,0.0705309,0.03572529333333333,0.0516838,0.23095793333333334,0.09480544666666668
1,35.25897333333334,28.328940000000003,235.88019999999997,2914.5,0.14170946666666667,0.2479268,0.3718902,0.2432636,0.23316,0.07474073333333334,1.0830282,1918.3886666666667,7.53884,166.7094,0.005998688666666666,0.03286260666666667,0.04027191333333333,0.016075086666666665,0.0204015,0.003558280666666667,42.90144,42.551700000000004,286.00960000000003,4165.792,0.1906730666666667,0.5225374666666667,691.7080000000001,0.34818560000000004,0.3699472000000001,0.10468884
1,27.31858,34.41700666666667,184.84406666666666,1698.182,0.14779753333333331,0.3668384,0.32214940000000003,0.19378186666666666,0.31023233333333333,0.09582876000000001,0.8158009333333335,0.9882098,5717.601333333333,105.51785333333333,0.005509052666666667,0.061644913333333336,0.05015530666666667,0.020297873333333334,0.023290093333333334,0.00685879,34.559493333333336,43.36776,228.62633333333335,2705.9513333333334,0.19313420000000003,0.9823808,878.236,0.37603526666666665,0.5308276,0.1663208
1,20.33673333333333,26.308220000000002,131.08773333333335,993.0025333333334,0.12431314,0.11397638,0.08540132666666667,0.06721484666666667,0.20958493333333336,0.07187804666666667,0.47914380000000006,1.4896333333333331,3116.572,53.08276,0.005992212,0.029313393333333337,0.02531081333333333,0.012651520666666666,0.020038806666666666,0.00314766,26.049153333333333,42.512840000000004,167.48660000000004,1643.778,0.18316013333333334,0.45945473333333336,0.3759057333333334,0.19961086666666664,0.4452060666666667,0.11180022
0,14.779753333333334,19.326373333333333,95.24586000000001,520.724,0.11734424666666667,0.10563443333333333,0.08006455333333333,0.03058282,0.1511654,0.08053087333333334,0.43315946666666666,1435.2293333333334,2463.724,29.494740000000004,0.009528472,0.04829002666666667,0.07661896666666666,0.022176106666666667,0.028043966666666666,0.006196874666666667,16.023273333333332,22.927400000000002,102.48677333333335,605.1797333333333,0.14520686666666668,208.5486666666667,0.21347093333333333,0.08155418666666668,0.2345848666666667,0.09620440666666667
1,19.792693333333332,29.02842,128.13437333333334,920.4638666666668,0.11731834000000001,0.1362690666666667,0.06962416666666667,0.04226672666666667,0.22370406666666665,0.08182620666666668,0.2660614666666667,0.6419672,1740.928,25.29786,0.004261646666666666,0.018069900000000003,0.02297921333333333,0.007783658,0.015181306666666667,0.0033354833333333334,23.056933333333333,36.308193333333335,147.40893333333335,1260.4888666666668,0.1685228666666667,0.4273304666666667,470.20599999999996,0.15880786666666666,0.41126833333333335,0.12657997333333335
0,13.056960000000002,19.572486666666666,82.59045333333333,411.2683333333334,0.12003854000000001,0.0608159,0.0020686473333333334,0.003113981333333333,0.2205952666666667,0.07834176,0.549869,1642.4826666666668,3.4714933333333335,34.23566,0.018639846666666668,15.544000000000002,0.0020686473333333334,0.003113981333333333,0.032875560000000005,0.004494806666666667,15.375606666666664,27.43516,97.65518000000002,566.0606666666666,0.1970202,0.13199446666666667,0.008963706666666666,0.013497373333333335,0.3799212666666667,0.09970180666666667
1,23.71755333333333,24.06729333333333,153.62653333333333,1348.442,0.11124322666666668,0.10968882666666668,0.10581578000000001,0.07531068,0.20997353333333332,0.07027183333333334,0.3338074,0.6161900666666668,2353.6206666666667,37.461040000000004,0.0037124253333333333,0.011892455333333335,0.01829010666666667,0.008703344666666666,0.013847113333333334,0.0014080273333333334,27.603553333333334,34.14498666666667,180.3104,1826.42,0.15984413333333333,0.316709,0.45828893333333337,0.20349686666666666,0.41528386666666667,0.08987022666666666
0,15.168353333333336,22.26678,96.73549333333335,544.4286000000001,0.12660588,0.07954641999999999,0.04933924666666667,0.041955846666666664,0.19637253333333335,0.07895056666666667,0.3174862,0.9915776666666667,2256.4706666666666,23.134653333333333,0.008944276666666666,0.011274581333333334,0.025621693333333334,0.0153497,0.024572473333333334,0.002164502,16.852286666666668,27.707180000000005,109.35204,675.5163333333334,0.1713726,134.71466666666666,0.1970202,0.14235713333333333,0.3331597333333333,0.09192980666666667
0,15.297886666666669,22.525846666666666,97.49973999999999,555.5684666666667,0.13044006666666666,0.07204644,0.030479193333333335,0.02011652666666667,0.22253826666666668,0.07487026666666667,0.2408024666666667,2494.8120000000004,1309.582,18.743473333333334,0.010143755333333332,0.011367845333333335,0.020155386666666667,0.00808288,0.040660513333333335,0.0025751226666666668,16.28234,34.30042666666667,103.06967333333334,634.0656666666667,0.1756472,0.12953333333333336,0.11402819333333335,0.05577705333333333,0.41450666666666663,0.08518112
1,19.248653333333333,30.06468666666667,130.05146666666667,869.6868,0.13523280000000001,256.476,0.21981806666666667,0.11499969333333333,0.2249994,0.08642464,0.36217520000000003,1.2463697333333335,4651.542,32.6424,0.010467588666666666,0.06634697333333334,0.07190395333333334,0.024391126666666665,0.03296623333333334,0.005585477333333334,20.82896,35.98436,153.62653333333333,1016.4480666666668,0.17046586666666666,0.6020709333333333,0.5944284666666667,0.22370406666666665,0.3886,0.11270695333333335
0,16.722753333333333,21.15279333333333,106.90386000000001,668.9101333333333,0.10286242,0.06950758666666666,0.05016826,0.030790073333333334,0.2369164666666667,0.07340654,0.25155373333333336,1.1769398666666666,1933.9326666666666,20.401500000000002,0.006862676000000001,0.02055694,0.03006468666666667,0.010906706666666668,0.024002526666666666,0.002787557333333333,17.97922666666667,28.497333333333334,117.62922000000002,777.9772000000002,0.14209806666666666,0.19507720000000003,0.22849680000000003,0.10667070000000001,0.3917088,0.09001271333333333
1,17.83674,28.87298,117.39605999999999,762.8218,0.15544,0.16411873333333335,0.1794036666666667,0.08453345333333334,0.23756413333333334,0.08908007333333333,0.8019408666666666,2735.744,6354.905333333333,64.37806666666667,0.017875600000000002,0.043367760000000005,0.060427299999999996,0.026683866666666667,0.034831513333333335,0.005577705333333333,21.230513333333334,44.05428666666666,144.5592,1045.2044666666668,0.2249994,0.40440306666666664,0.4933924666666667,0.21670926666666668,398.96266666666673,0.12089346000000001
1,23.419626666666662,28.29008,152.07213333333334,1326.4213333333335,0.09547902000000001,0.11194270666666667,0.14287526666666667,0.07484436,229.274,0.0691708,0.8240910666666666,1690.41,5585.477333333333,98.91165333333333,0.007163193333333334,0.06860085333333334,0.07914486666666667,0.01870461333333333,0.02772013333333333,0.006523298666666667,25.59578666666667,31.994733333333333,167.22753333333333,1590.6693333333333,0.11427430666666667,0.2542739333333333,0.328367,0.11892455333333335,0.30686446666666667,0.08494796
1,24.844493333333332,29.132046666666668,165.155,1487.0426666666665,0.11040126,0.18497360000000004,0.14430013333333333,0.08771997333333333,0.22888540000000002,0.07161898,0.5643767333333333,1389.8926666666666,4965.0126666666665,70.23297333333333,0.007155421333333334,0.04790142666666666,0.03505172,0.01581602,0.018328966666666665,0.0044002473333333335,30.25898666666667,41.52838666666667,215.54346666666666,2186.5226666666667,0.1712430666666667,0.7255162,0.5006463333333334,0.22124293333333334,0.41359993333333334,0.11944268666666667
1,18.717566666666666,26.191639999999996,122.39604666666666,832.5107333333334,0.12787530666666666,0.1562172,152.84933333333333,0.07746093333333333,252.59,0.08375625333333332,0.2709837333333333,0.8431324666666667,1873.052,25.155373333333333,0.005238328,0.020686473333333337,0.025906666666666665,0.009459819333333333,0.019714973333333333,0.0025595786666666666,23.74346,39.015440000000005,152.71980000000002,1352.328,0.20103573333333336,0.5253872,0.6433920666666667,0.23808226666666665,0.6156719333333334,0.13121726666666667
0,15.841926666666668,25.33672,101.73548000000001,597.1486666666667,0.12417065333333334,0.10475360666666667,0.054235606666666665,0.053199340000000005,0.25634646666666666,0.07788839333333335,0.45777080000000003,1717.612,2989.6293333333338,35.28488,0.009733134666666667,0.023043980000000002,0.01814762,0.014766800000000002,0.01946886,0.004323822666666667,18.704613333333334,36.73565333333333,119.36496666666669,826.9408,0.18510313333333336,0.2645070666666667,0.17836739999999998,139.896,0.3455949333333333,0.10588054666666667
1,22.720146666666665,25.025840000000002,149.09286666666665,1232.6392,0.11616549333333333,0.15518093333333335,0.13419653333333334,0.09699456000000001,0.19507720000000003,0.07112675333333333,0.5143768666666667,1.0727950666666668,3999.9893333333334,52.75892666666667,0.007888580000000001,0.03327711333333334,0.035142393333333334,0.017422233333333332,0.020647613333333332,0.0034429960000000003,26.450706666666672,33.47141333333334,180.69899999999998,1604.918,0.17888553333333335,443.00399999999996,0.4544029333333333,0.2511651333333333,0.37927360000000004,0.10190387333333334
1,30.168313333333334,34.54654,205.82846666666669,2182.6366666666668,0.14779753333333331,0.2699474666666667,0.45634593333333334,209.84400000000002,0.28497333333333336,0.08068631333333333,0.7174851333333333,2.0207200000000003,6045.3206666666665,107.71992,0.012081574,0.06633402000000001,0.11603596000000001,0.03192996666666666,0.0281735,0.006729256666666667,32.53877333333333,42.331493333333334,229.274,2572.532,0.1989632,0.5397654000000001,1.0222770666666667,0.3540146,0.4142476,0.11349710666666668
1,17.888553333333334,30.764166666666668,118.60072000000001,774.3502666666667,0.1713726,0.22901493333333336,0.2018129333333333,0.11885978666666668,0.29157953333333336,0.09612668666666667,0.7316042666666666,2.4999933333333333,5063.458,68.28997333333334,0.011430021333333333,0.04025896,0.040310773333333334,0.016722753333333333,0.025880760000000003,0.005836772,24.8704,54.209700000000005,166.45033333333333,1493.5193333333334,0.2883412,0.6747391333333335,0.6018118666666666,0.2607506,0.5740917333333333,0.1406732
0,16.152806666666667,24.0932,105.03858000000001,624.2211333333333,0.12907996666666668,0.13704626666666667,0.10369143333333332,0.04949468666666667,0.24935166666666667,0.08255159333333333,0.5130815333333334,1352.328,3234.4473333333335,39.23564666666667,0.009006452666666666,0.02475382,0.034986953333333334,0.013432606666666668,0.023082839999999997,0.004645065333333334,19.391140000000004,31.917013333333333,124.41676666666666,878.1064666666666,0.18471453333333335,0.3080302666666667,0.34598353333333337,0.13147633333333333,0.3904134666666667,0.11334166666666666
1,19.585440000000002,21.60616,127.95302666666667,928.2358666666668,0.11497378666666667,0.12419656000000001,0.09779766666666667,0.052836646666666674,0.20647613333333334,0.07753865333333333,0.3511648666666667,0.4690402,2556.988,34.24861333333333,0.007088064000000001,0.024857446666666668,0.026411846666666666,0.010699453333333333,0.01972792666666667,0.0037318553333333337,23.018073333333334,26.217546666666664,152.46073333333334,1281.7323333333334,0.19313420000000003,0.4314755333333333,0.4309574,0.16217573333333335,0.44235633333333335,0.12616546666666667
0,12792.712,22.370406666666668,81.50237333333334,382.64146666666664,0.1410618,0.09367850666666666,0.022746053333333332,0.025284906666666666,0.2505174666666667,0.0814117,0.27681273333333334,1738.3373333333332,1965.0206666666666,15.97146,0.012589344666666667,0.016178713333333334,0.010330283333333334,0.009749974,0.02862686666666667,0.0032020639999999997,13.497373333333334,30.07764,86.89096,429.53253333333333,0.18328966666666666,0.16152806666666666,0.08047906,0.07238322666666668,0.3871751333333333,0.0955956
1,22.033620000000003,26.243453333333335,142.09806666666668,1171.3699333333332,0.11362664000000001,0.09461114666666666,0.09002566666666667,0.06981846666666668,0.26243453333333333,0.06765526000000001,0.7588062666666667,1.1080281333333335,5318.638666666667,88.67851999999999,0.006525889333333333,0.01946886,0.02520718666666667,0.014546593333333335,0.02971494666666667,0.0033432553333333334,25.6476,32.448100000000004,168.39333333333335,1567.3533333333335,0.14391153333333334,0.19248653333333335,0.25025840000000005,0.14196853333333334,0.4242216666666667,0.08379511333333334
0,16.98182,29.196813333333335,112.71990666666666,685.7494666666666,0.1297924,0.19209793333333333,0.11275876666666668,0.06608790666666667,239.63666666666666,0.09468886666666666,0.25012886666666667,1.1946859333333333,1931.3419999999999,19.546580000000002,0.0068017953333333325,0.039391086666666665,0.03272012,0.010756448000000002,0.03256468,0.005437809333333334,18.8471,37.77192,128.85976000000002,828.1066,0.17474046666666665,0.5702057333333334,0.40958439999999996,0.14585453333333334,0.5347136,0.13937786666666666
0,19.77974,16.722753333333333,127.16287333333334,939.7643333333334,0.10598417333333333,0.08069926666666667,0.07632104,0.04089367333333333,0.1760358,0.07158012,0.2764241333333333,0.4699469333333333,1975.3833333333334,25.906666666666666,0.005558275333333334,0.016010319999999998,0.023847086666666666,0.009550492666666667,0.012356184666666667,0.002145072,22.512893333333334,20.621706666666668,147.2794,1208.1574,0.15828973333333335,0.28315986666666665,0.3836777333333334,0.134067,300.51733333333334,0.09681321333333333
1,26.65796,28.67868,174.4814,1670.9800000000002,0.1177458,0.17461093333333333,212.43466666666666,0.12384682000000001,0.22862633333333335,0.06507754666666667,1.1141162,1.9170933333333335,9104.898,144.68873333333335,0.010523287999999999,0.04677448666666667,0.07110084666666668,0.03581596666666667,0.041139786666666664,0.0030634633333333334,30.103546666666663,36.06208,205.0512666666667,2145.072,0.15259026666666667,378.2373333333333,0.5001282,248.70400000000004,0.3768124666666666,0.0759713
0,15.336746666666668,24.533613333333335,97.81062000000001,554.4026666666667,0.11490901999999999,89.378,0.034572446666666666,0.018043993333333334,0.19857460000000002,0.07845834,0.2878230666666667,1.1207224,1870.4613333333334,22.17610666666667,0.007146354000000001,0.022370406666666665,0.02648956666666667,0.008739614000000001,0.02093258666666667,0.003784964,17.227933333333336,32.37038,110.38830666666667,707.6406000000001,165.80266666666668,243.52266666666665,0.19054353333333338,0.08954639333333332,0.328367,0.10353599333333334
1,36.41182,23.924806666666665,244.17033333333333,3237.038,0.14792706666666666,0.19637253333333335,0.41463619999999995,0.2066056666666667,0.21347093333333333,0.07156716666666667,3721.492666666667,1911.912,28.47142666666667,680.8272000000001,0.017422233333333332,0.035906640000000004,0.08275884666666668,0.01822534,0.061955793333333335,0.005797912,36.41182,23.924806666666665,244.17033333333333,3237.038,0.14792706666666666,0.19637253333333335,0.41463619999999995,0.2066056666666667,0.21347093333333333,0.07156716666666667
1,22.56470666666667,33.10872,148.31566666666666,1227.976,0.13031053333333334,0.1484452,0.21787506666666667,0.08545314,0.16942959999999999,0.07598425333333333,0.6860085333333333,2159.320666666667,4879.520666666666,75.81586,0.04032372666666667,0.11081576666666666,0.18626893333333336,0.05086774,0.0281735,0.016269386666666667,23.406673333333334,36.36000666666667,155.95813333333334,1322.5353333333335,0.16100993333333333,0.23225326666666665,0.36308193333333333,0.14235713333333333,0.20764193333333333,0.08831582666666667
1,18.380779999999998,30.841886666666667,120.29760666666668,791.0600666666668,0.12257739333333334,0.16917053333333332,0.14442966666666668,0.08370443999999999,0.289507,0.08332879333333333,0.5449467333333334,2389.89,4577.708,40.15533333333334,0.014093226666666668,0.04805686666666667,0.04777189333333334,0.021075073333333333,0.05827704666666667,0.006176149333333333,21.83932,45.14236666666667,148.96333333333334,1050.9039333333333,0.20194246666666668,0.5257758,0.48497280000000004,0.22953306666666665,0.6119154666666667,0.1329012
1,17.95332,21.929993333333332,117.82351999999999,749.8684666666667,0.1329012,0.19650206666666667,0.12825095333333333,0.07256457333333334,0.2727972,0.08958525333333334,0.3319939333333333,1546.628,2503.8793333333333,29.391113333333337,0.007720186666666667,0.04453356,0.050634580000000005,0.018588033333333333,0.025116513333333337,0.00590672,20.401500000000002,34.88332666666667,135.23280000000003,971.6295333333334,189.11866666666666,566.0606666666666,0.6005165333333334,0.21424813333333334,470.20599999999996,0.1371758
0,15.401513333333334,23.76936666666667,100.15517333333332,559.8430666666667,0.12128206000000001,0.14948146666666667,0.08595832000000002,0.04069937333333333,0.2547920666666667,0.08178734666666666,0.3838072666666667,2024.606,2703.360666666667,27.797853333333336,0.011492197333333334,0.05430037333333334,0.07702052,0.023121700000000005,0.03617866,0.006185216666666667,17.163166666666665,35.10353333333334,111.65773333333334,688.0810666666667,0.18199433333333337,0.3945585333333333,0.3634705333333334,0.14740893333333335,0.44002473333333336,0.10835463333333334
0,13.2124,22.64242666666667,84.26143333333333,416.06106666666665,0.10432614666666667,0.07651534,0.07479254666666667,0.013873020000000002,0.25440346666666663,0.0818003,0.46204540000000005,2489.6306666666665,3558.280666666667,29.520646666666664,0.0060621600000000005,0.040414399999999996,0.07479254666666667,0.013873020000000002,0.03316053333333333,0.005975372666666667,14.870426666666667,31.696806666666664,97.66813333333334,522.9260666666667,0.12340640666666665,0.18095806666666667,0.24935166666666667,0.04625635333333333,0.3715016,0.10115258
1,25.6476,27.927386666666667,168.00473333333332,1593.26,0.12154112666666667,0.16917053333333332,0.1647664,0.11257742,0.2712428,0.07229255333333333,1.2374319333333335,1536.2653333333335,8402.827333333333,161.13946666666666,0.008813448,0.04104911333333334,0.04463718666666666,0.022176106666666667,0.024572473333333334,0.005239623333333333,33.32892666666667,37.098346666666664,220.5952666666667,2602.324666666667,0.17525860000000001,0.4190403333333334,0.46852206666666674,235.7506666666667,397.6673333333333,0.10692976666666666
1,25.29786,42.05947333333334,165.80266666666668,1584.1926666666668,0.10906706666666667,146.37266666666667,0.14831566666666668,0.08597127333333333,0.18497360000000004,0.06882106,0.9575104,1711.1353333333334,6116.563999999999,142.35713333333334,0.007174851333333333,0.03424861333333334,0.034507680000000006,0.013963693333333332,0.017253840000000003,0.002922272,36.1398,58.821086666666666,233.41906666666668,3208.540666666667,0.18238293333333336,0.5306980666666666,0.5174856666666667,0.21049166666666666,0.3514239333333333,0.09803082666666667
0,17.6813,17.046586666666666,113.83389333333332,736.9151333333333,0.12494785333333334,0.11283648666666668,0.05036256,0.033199393333333334,176.16533333333334,0.08217594666666667,0.2722790666666667,0.5616565333333333,1801.8086666666668,22.5388,0.005353612666666667,0.0219559,0.021398906666666665,0.008625624666666666,0.01775902,0.003542736666666667,19.870413333333335,21.178700000000003,129.15768666666665,914.7644,0.1698182,0.3204654666666667,0.22784913333333334,0.10435205333333335,308.28933333333333,0.11292715999999998
0,17.56472,18.005133333333333,114.75358,727.0706,0.13613953333333334,0.15440373333333332,0.1018132,0.057655286666666666,0.2541444,0.08164486,0.33277113333333336,0.6452055333333333,2604.9153333333334,27.24086,0.007578995333333334,0.029974013333333337,0.03295328,0.010828986666666665,0.02386004,0.003779782666666667,19.404093333333336,22.189059999999998,130.9582,889.3758666666668,0.17823786666666666,0.3494809333333333,0.3338074,0.1177458,0.3970196666666667,0.10591940666666666
0,13.186493333333333,22.707193333333336,84.35210666666667,405.56886666666674,0.13743486666666668,0.11012924,0.02290149333333334,0.024805633333333337,247.40866666666668,0.08948162666666666,0.31955873333333334,1576.4206666666666,2125.6420000000003,19.494766666666667,0.010231838,18.134666666666668,0.011054374666666667,0.009875621333333333,0.034157940000000005,0.004871748666666667,14.468873333333335,29.585413333333335,93.18628,486.52720000000005,0.1821238666666667,186.52800000000002,0.08512930666666667,0.07221483333333334,0.39572433333333334,0.11395047333333334
1,20.401500000000002,26.230500000000003,132.9012,986.1372666666666,0.13277166666666665,0.15595813333333333,0.14857473333333335,0.08370443999999999,0.250647,0.08164486,0.44986926666666666,1.1928724666666668,2906.7280000000005,41.69678,0.006173558666666668,0.030751213333333336,0.030880746666666667,0.011187794000000001,0.02295330666666667,0.004055688666666667,25.33672,39.23564666666667,163.08246666666668,1409.3226666666667,0.20103573333333336,580.3093333333334,0.5150245333333333,0.1915798,0.5172266,0.13782346666666667
0,17.189073333333333,22.04657333333333,109.52043333333334,707.7701333333333,0.1093909,0.06468894666666666,0.046036146666666666,0.031813386666666665,0.19378186666666666,0.07349721333333332,0.3791440666666667,1.1537534,2647.6613333333335,31.96882666666667,0.007813450666666668,0.014300479999999999,0.02926158,0.011731834000000002,0.01919684,0.003233152,19.611346666666666,30.56986666666667,128.03074666666666,918.1322666666666,0.16528453333333334,0.1698182,0.23134653333333335,0.12536236,0.32461053333333334,0.09874326000000001
0,18.57508,17.448140000000002,119.83128666666668,830.5677333333334,0.12831572,0.09875621333333334,0.07414488000000001,0.05962419333333333,0.26878166666666664,0.07056976,676.164,1.0519402,4874.339333333333,62.55164666666667,0.009182618,0.01849736,0.030569866666666667,0.016657986666666666,0.02935225333333333,0.0018950726666666668,21.72274,21.891133333333332,143.00480000000002,1131.0850666666668,0.16800473333333335,0.19753833333333334,0.21139840000000001,0.14080273333333335,0.39663106666666675,0.07865264000000001
0,13.52328,20.025853333333334,86.29510666666668,426.9418666666667,0.1363986,0.10002564000000001,0.008604899333333334,0.015751253333333336,0.2316056,0.083549,0.24779726666666668,1.1692973999999998,1564.7626666666667,15.362653333333334,0.008436506,0.010441682,0.003648954,0.006440397333333334,0.01945590666666667,0.003654135333333334,14.92224,25.6476,95.16814,512.1748,0.1737042,0.14935193333333333,0.03418384666666667,0.057823679999999995,0.33872966666666665,0.10711111333333334
0,19.43,20.09062,126.23023333333335,886.6556666666667,0.10843235333333334,0.14196853333333334,0.08426143333333334,0.0489636,0.24365219999999999,0.07651534,0.3002582666666667,0.6432625333333334,2948.1786666666667,25.751226666666668,0.005335478,0.04154134,0.04720194666666667,0.0149611,0.01801808666666667,0.004150248,21.256420000000002,25.012886666666663,147.92706666666666,1046.8884,0.14714986666666668,0.4698174,0.4406724,0.17862646666666668,0.38264146666666665,0.10831577333333332
0,16.347106666666665,31.049139999999998,105.37536666666666,643.0034666666667,0.10237019333333335,0.09752564666666667,0.07044022666666667,0.026372986666666667,0.1961134666666667,0.07796611333333334,0.31722713333333336,1380.8253333333334,1871.756666666667,23.97662,0.006695578000000001,0.02971494666666667,0.039067253333333336,0.011257742000000001,0.0176813,0.004413200666666666,18.393733333333333,40.556886666666664,117.44787333333335,808.288,0.1589374,0.4474081333333333,0.5066048666666667,152.84933333333333,0.36606120000000003,0.12415770000000002
1,16.619126666666666,28.92479333333333,110.44012000000002,651.8117333333333,0.14093226666666667,0.23303046666666669,0.21955900000000003,0.08887282,0.2749992666666667,0.09396347999999999,0.3965015333333333,1384.7113333333334,2923.567333333334,32.55172666666667,0.009045312666666666,0.049973960000000005,0.06066046,0.019417046666666667,0.021761600000000002,0.007275887333333332,19.689066666666665,39.0543,136.39860000000002,914.5053333333334,0.23018073333333333,0.6920966000000001,0.8137284,0.2560874,0.44132006666666673,0.16100993333333333
1,22.085433333333338,24.71496,146.8908,1159.3233333333335,0.14779753333333331,0.2036264,247.40866666666668,141.19133333333335,0.27603553333333336,0.08192983333333334,0.3832891333333333,879.5313333333334,2788.852666666667,41.42476,0.007165783999999999,0.026010293333333337,0.03957243333333334,0.017927413333333333,0.015246073333333332,0.0030258986666666667,25.37558,32.24084666666667,172.92700000000002,1540.1513333333332,0.2205952666666667,0.5095841333333334,0.6499982666666667,0.3294032666666667,0.40271913333333337,0.11737015333333334
0,14.663173333333335,35.07762666666667,92.95312000000001,512.5634,0.08915779333333335,0.049391059999999994,0.021152793333333336,0.0040479166666666675,0.24209780000000003,0.07290136,156.73533333333333,1.156344066666667,1371.758,11146.343333333332,0.004731852666666667,0.021334139999999998,0.021152793333333336,0.0040479166666666675,0.019909273333333335,0.002658024,15.647626666666667,43.7175,103.39350666666667,585.8792666666667,0.11920952666666668,0.18549173333333333,0.1410618,0.026981793333333337,0.3690404666666667,0.09180027333333333
0,14.53364,43.79522,91.69664666666667,501.03493333333336,0.10077693333333333,0.046295213333333335,0.006433920666666666,0.008334174666666666,0.238989,0.07549202666666667,0.2900251333333333,2133.414,1928.7513333333334,20.025853333333334,0.005646358000000001,0.008825106,0.0041748593333333335,0.004428744666666667,0.024818586666666666,0.003282374666666666,16.01032,54.11902666666666,101.60594666666667,609.9724666666667,0.12945561333333333,0.08918369999999999,0.03002582666666667,0.03888590666666667,0.3770715333333334,0.09465000666666666
1,26.56728666666667,36.02322,174.0928,1708.5446666666667,0.11863958000000001,0.13911880000000001,0.20129480000000002,0.1080308,0.1875642666666667,0.07243503999999999,678.7546666666667,1540.1513333333332,4879.520666666666,90.68628666666667,0.006502573333333334,0.026709773333333336,0.04477967333333333,0.014132086666666667,0.01681342666666667,0.0037396273333333333,31.696806666666664,48.41956000000001,210.75073333333333,2424.864,0.1584192666666667,0.3576415333333334,0.5370452,0.2024606,0.31567273333333334,0.10787536000000002
0,12392.454,20.608753333333336,77.99202000000001,362.1752000000001,0.10963701333333335,0.052940273333333336,0.021398906666666665,0.02159320666666667,0.2009062,0.08294019333333334,0.2787557333333333,1.0752561999999999,1573.83,16.373013333333336,0.015077680000000001,0.013471466666666666,0.015362653333333335,0.012464992666666667,0.030867793333333334,0.00458548,13.613953333333333,24.818586666666665,85.15521333333332,435.10246666666666,0.19481813333333334,0.12325096666666667,0.09275882,0.09354897333333334,0.35712340000000004,0.10593236
0,18.173526666666667,27.525833333333335,116.30798,781.6041333333333,0.11748673333333333,0.0899609,0.018937773333333335,0.02455952,0.19650206666666667,0.0755827,0.33536180000000004,1946.8860000000002,2159.320666666667,28.58800666666667,0.009571218,0.01791446,0.009458524000000001,0.013005146666666668,0.01636006,0.0037888500000000003,19.85746,39.22269333333333,127.29240666666668,926.811,0.1667094,0.19598393333333333,0.08071222,0.10314739333333334,0.2883412,0.09866554
1,30.06468666666667,34.93514,198.83366666666666,2163.2066666666665,0.12317324666666667,0.21787506666666667,252.59,0.16023273333333335,0.24727913333333332,0.08172258,1370.4626666666666,1.2480536666666666,9387.280666666667,201.81293333333335,0.008326402666666666,0.037085393333333334,0.05825114000000001,0.02222792,0.0205958,0.003954652666666667,40.16828666666667,44.701953333333336,266.8386666666667,3813.461333333333,0.1918388666666667,0.5344545333333334,753.884,0.3358799333333333,0.4019419333333334,0.11239607333333333
1,26.528426666666665,27.797853333333336,171.63166666666666,1691.7053333333333,0.1082251,0.10813442666666667,0.11712404,0.07800497333333334,0.1900254,0.06705940666666667,0.8904121333333334,1348.442,6663.194666666666,108.16033333333333,0.010309558000000002,0.04058279333333333,0.05514233999999999,0.02164502,0.01737042,0.005094546,31.372973333333334,33.898873333333334,209.45539999999997,2266.8333333333335,0.15906693333333335,0.29935153333333336,0.4090662666666667,0.18717566666666666,0.2898956,0.09231840666666667
0,18.41964,36.07503333333334,119.8831,808.1584666666666,0.10651526,0.13458513333333336,0.14287526666666667,0.057098293333333335,0.17383373333333338,0.07939098,0.4344548,3010.3546666666666,2726.6766666666667,38.80818666666667,0.008169667333333333,0.03685223333333334,0.04987033333333333,0.01309582,0.0153497,0.004648951333333334,20.401500000000002,52.512813333333334,132.77166666666668,989.6346666666667,0.14002553333333334,0.31424786666666665,0.3968901333333334,0.10646344666666667,244.818,0.10098418666666668
1,22.616520000000005,50.88069333333334,146.8908,1192.4838666666667,0.12709810666666668,0.16813426666666667,0.18354873333333332,0.11413182,0.23432580000000003,0.07727958666666666,0.6950758666666667,1.1089348666666667,3888.590666666667,63.47133333333334,0.00629532,0.03607503333333333,0.033704573333333335,0.017797880000000002,0.015880786666666667,0.0035738246666666674,29.157953333333335,58.12160666666667,182.90106666666665,1823.8293333333334,0.17681300000000003,0.48380700000000004,0.4198175333333334,0.26761586666666665,0.3695586,0.11005152
0,17.668346666666668,20.2072,113.18622666666666,745.2052666666667,0.12205926,0.08588059999999999,0.06094543333333333,0.048328886666666675,0.22240873333333333,0.07331586666666666,0.41994706666666665,0.8564744000000001,2585.4853333333335,35.22011333333334,0.008380806666666667,0.01616576,0.023445533333333338,0.014287526666666668,0.02458542666666667,0.002323828,19.235699999999998,24.6761,121.90382,885.2307999999999,0.16554359999999999,0.16722753333333332,0.19857460000000002,0.11945563999999999,327.71933333333334,0.08432620000000002
0,16.08804,19.48181333333333,101.82615333333332,617.2263333333334,0.10266811999999999,0.04395066,0.013639859999999998,0.014352293333333333,0.20025853333333332,0.07453348,0.14935193333333333,0.8737023333333332,980.5673333333334,11665.771999999999,0.004229263333333334,0.0063859933333333336,0.008410599333333333,0.004873044000000001,0.022279733333333333,0.0017616533333333336,17.0984,26.38594,108.6137,703.8841333333334,0.13432606666666666,0.10072512,0.08086766,0.052486906666666666,0.37577620000000006,0.08786246000000002
0,14.637266666666669,23.562113333333333,95.76399333333335,504.4028,0.12424837333333334,0.17163166666666665,0.2005176,0.03696881333333333,0.2660614666666667,0.09933911333333333,0.3145069333333333,2126.9373333333333,3068.644666666667,21.230513333333334,0.008630806,0.07660601333333333,0.1150256,0.01702068,0.0258419,0.011237016666666667,16.295293333333333,36.21752,112.90125333333333,612.5631333333333,0.17448139999999998,0.6279776,0.9632098666666667,0.1577716,0.4284962666666667,0.16800473333333335
0,17.810833333333335,30.790073333333336,114.68881333333336,764.2466666666668,0.10418366000000001,0.08817334,0.060841806666666665,0.030362613333333333,0.22966260000000002,0.07032364666666667,0.5630814,1369.1673333333335,3664.498,51.72266,0.005635995333333334,0.03454654,0.04366568666666667,0.013044006666666668,0.03365276,0.003998694,19.44295333333333,34.119080000000004,126.94266666666668,914.5053333333334,0.12134682666666667,0.18678706666666667,0.1760358,0.07909305333333334,0.34494726666666664,0.08187802000000001
1,25.129466666666662,30.44033333333333,167.22753333333333,1496.11,0.13303073333333335,0.2018129333333333,0.2654138,0.11510332,0.25621693333333334,0.07772,0.6791432666666667,2334.190666666667,5229.260666666667,78.25108666666667,0.013743486666666666,0.04212424,0.050712299999999995,0.02019424666666667,0.028315986666666668,0.005115271333333333,28.043966666666666,39.54652666666667,187.6938,1835.4873333333335,0.1895072666666667,0.38445493333333336,0.44792626666666663,0.20259013333333334,378.2373333333333,0.09862668000000001
0,13.575093333333335,25.72532,86.42464,437.4340666666667,138.60066666666668,0.07734435333333334,0.06257755333333333,0.03976673333333334,0.2249994,0.08341946666666666,0.4817344666666667,3383.4106666666667,3260.354,30.07764,0.020777146666666666,0.017953320000000002,0.02415796666666667,0.014676126666666666,0.04502578666666667,0.004611386666666667,14.870426666666667,38.16052,95.44016,521.7602666666667,0.19624299999999997,0.1329012,0.15297886666666669,0.08725365333333335,0.3734446,0.10036242666666666
1,27.124280000000002,30.51805333333333,179.9218,1766.8346666666666,0.13044006666666666,0.20803053333333332,0.3512944,169.68866666666668,0.285621,0.07639876,1300.5146666666667,1.0632096,8253.864,178.6264666666667,0.006843246000000001,0.05062162666666666,0.12328982666666667,0.024145013333333337,0.031100953333333334,0.0064792573333333344,33.13462666666667,34.974,214.11860000000001,2603.6200000000003,0.15686486666666669,0.41087973333333333,0.9055675333333334,0.2726676666666667,0.4049212,0.10167071333333334
0,14.896333333333333,23.898899999999998,94.92202666666667,527.7188,0.12104890000000001,0.07760341999999999,0.034170893333333334,0.02680044666666667,0.23756413333333334,0.07686508,0.5086774,1.0918364666666667,3476.6746666666663,34.96104666666667,0.008264226666666668,0.013795300000000002,0.0161269,0.011884683333333335,0.02968904,0.001892482,16.800473333333333,29.093186666666668,107.66810666666667,659.1951333333333,0.15323793333333333,0.13588046666666667,0.10498676666666666,0.08476661333333334,354.9213333333334,0.08402827333333333
1,25.55692666666667,25.67350666666667,169.30006666666665,1562.1720000000003,0.1375644,0.23950713333333337,0.31308206666666666,0.12616546666666667,0.22448126666666668,0.08674847333333334,0.9923548666666667,1.0103600000000001,5330.296666666667,120.21988666666668,0.010987017333333333,0.06550500666666666,88.08266666666667,0.025531019999999998,0.019002540000000002,0.009402824666666667,32.74602666666667,33.14758,206.9942666666667,2503.8793333333333,221.50199999999998,0.7713710000000001,1.0996084666666668,0.32474006666666666,0.3560871333333333,0.16800473333333335
1,22.409266666666667,22.12429333333333,146.37266666666667,1202.3284,0.1305696,0.1348442,0.1639892,0.10819919333333333,0.2348439333333333,0.07270706,0.4006466,1.1098416,2840.6659999999997,43.56206,0.006161900666666667,0.01946886,0.030207173333333337,0.016347106666666666,0.018056946666666667,0.0030595773333333335,25.712366666666668,32.49991333333333,169.55913333333334,1582.8973333333333,0.1834192,0.31152766666666665,0.4375636,0.2405434,0.40647560000000005,0.10509039333333332
1,25.194233333333333,25.03879333333333,163.85966666666667,1514.2446666666667,0.134067,0.1538856,0.17862646666666668,0.11128208666666667,0.2300512,0.07314747333333334,0.7718891333333334,0.8215004,4918.380666666667,91.96866666666666,0.006022004666666667,23.316000000000003,0.03560871333333333,0.016411873333333337,0.0176813,0.0033031000000000002,33.29006666666667,31.826340000000002,211.26886666666667,2554.3973333333333,0.19391139999999998,0.40945486666666664,0.5591954,0.25893713333333335,0.4376931333333333,0.11593233333333335
1,18.082853333333336,22.085433333333338,118.43232666666667,780.3087999999999,0.14196853333333334,0.16567313333333336,0.12680018,0.06795318666666667,0.2471496,0.07940393333333333,550.5166666666667,1.0489609333333332,3319.9393333333337,46.29521333333334,0.008226662000000001,0.03470198,0.04040144666666667,0.017383373333333334,0.026709773333333336,0.003490923333333333,21.230513333333334,28.58800666666667,140.02553333333333,1069.9453333333333,0.1958544,0.42253773333333333,0.4156724666666667,0.1779788,0.39740826666666673,0.10306967333333333
1,25.323766666666668,37.26674,173.0565333333333,1563.4673333333333,0.11994786666666668,0.2672272666666667,0.23108746666666669,0.14818613333333333,0.24520660000000002,0.08072517333333333,1.0914478666666667,1553.1046666666668,9271.996000000001,137.8234666666667,0.008233138666666666,0.06172263333333333,0.050038726666666665,0.019676113333333335,0.025077653333333335,0.006803090666666667,32.448100000000004,46.98174,231.34653333333333,2494.8120000000004,0.1659322,0.6902831333333334,0.5506462,0.2514242,0.3650249333333333,0.13018100000000002
1,19.844506666666668,22.370406666666668,133.6784,923.9612666666667,0.17292700000000003,0.2958541333333333,0.3170976,0.1608804,0.31062093333333335,0.09839352,0.8538837333333333,1371.758,5260.348666666667,77.02052,0.013147633333333332,0.05942989333333334,0.06454646,0.02755174,0.024404079999999998,0.011217586666666666,22.966260000000002,29.352253333333334,155.18093333333334,1203.1056,0.22862633333333335,0.5832886,0.5737031333333333,0.2887298,0.4220196,0.1542742
1,20.284920000000003,30.05173333333333,142.74573333333333,1001.9403333333333,0.14365246666666667,0.4033668000000001,0.41139786666666667,0.17836739999999998,0.32318566666666665,0.10497381333333333,1673.5706666666667,3178.748,13.108773333333332,179.40366666666668,0.016010319999999998,0.07765523333333334,0.10663184000000002,0.03917088,0.030271939999999997,0.007826404,25.712366666666668,40.98434666666667,186.1394,1588.0786666666665,0.19481813333333334,0.6699464,0.8006455333333333,0.3189110666666667,0.42448073333333336,0.13199446666666667
1,20.116526666666665,43.47138666666667,134.32606666666666,964.8937999999999,0.13769393333333335,0.21230513333333334,0.22681286666666667,0.10879504666666667,0.2708542,0.08613966666666667,0.31334113333333335,1655.436,2465.019333333333,29.818573333333333,0.006923556666666667,0.03310872,0.03742218,0.013238306666666666,0.012884680666666667,0.0043510246666666665,23.95071333333333,64.17081333333333,163.60060000000001,1340.67,0.24391126666666665,0.7207234666666666,0.7387286000000001,0.2608801333333333,0.4549210666666667,0.15595813333333333
1,26.308220000000002,35.051719999999996,172.14980000000003,1668.3893333333335,0.12953333333333336,0.14093226666666667,0.19676113333333334,0.12089346000000001,0.23497346666666666,0.07217597333333334,0.5151540666666666,1338.0793333333334,3351.0273333333334,67.79774666666667,0.006532366,0.02044036,0.02742220666666667,0.010602303333333334,0.01660617333333333,0.002450770666666667,31.51546,50.725253333333335,210.23260000000002,2388.594666666667,0.19714973333333333,0.3814756666666667,0.49067226666666675,0.21981806666666667,0.4081595333333334,0.10361371333333334
1,22.474033333333338,29.870386666666665,143.782,1208.6755333333333,0.11220177333333335,0.08147646666666666,0.03744808666666667,0.03674860666666666,0.20259013333333334,0.06874334,0.5190400666666667,1705.954,3338.074,57.525753333333334,0.007417078666666667,0.014326386666666668,0.016139853333333332,0.009936502,0.018277153333333334,0.002044036,25.712366666666668,40.76414,166.0617333333333,1577.7160000000001,160.62133333333335,0.19248653333333335,0.15686486666666669,0.10667070000000001,0.3176157333333333,0.08439096666666666
1,22.396313333333335,28.665726666666668,148.18613333333334,1227.7169333333334,0.11656704666666667,0.16489593333333333,0.12560847333333333,0.09724067333333335,0.27305626666666666,0.07077701333333333,1.0813442666666666,2115.2793333333334,7961.118666666666,117.79761333333333,0.008700754,0.07747388666666667,0.06007756,0.027836713333333332,0.03558280666666667,0.007562156,26.411846666666666,35.28488,178.6264666666667,1677.4566666666667,0.14689080000000002,0.37137206666666667,0.29766760000000003,0.19792693333333333,0.39727873333333336,0.09694274666666668
1,20.220153333333332,25.10356,129.53333333333333,982.6398666666668,0.10155413333333334,0.07274592,0.054520580000000006,0.03687814,0.20038806666666667,0.07050499333333334,0.29766760000000003,1.2937789333333334,1987.0413333333333,28.73049333333333,0.003660612,0.01179401,0.01698182,0.006702054666666666,0.013121726666666667,0.0017422233333333334,23.19942,41.023206666666674,150.12913333333333,1280.5665333333334,0.14041413333333333,0.23406673333333336,292.74533333333335,0.11098416000000001,0.3475379333333333,0.08845831333333333
1,22.26678,28.58800666666667,144.5592,1202.4579333333334,0.12598412,0.11651523333333334,0.11737015333333334,0.08454640666666667,0.24183873333333336,0.07227960000000001,0.5444286,0.9563446,3651.5446666666667,58.83404000000001,0.005819932666666666,0.01562172,0.02652842666666667,0.012791416666666666,0.014818613333333334,0.00204015,27.95329333333333,37.992126666666664,181.99433333333334,1860.0986666666668,0.2018129333333333,0.33251206666666666,0.5037551333333333,0.2569941333333333,0.4165792,0.09805673333333335
1,26.85226,40.31077333333334,175.77673333333334,1838.0780000000002,0.12265511333333333,0.1480566,0.17707206666666664,0.11199452,0.22914446666666669,0.07349721333333332,1518.1306666666667,2094.554,10037.538,258.67806666666667,0.005895062,0.019145026666666665,0.027758993333333332,0.012020693333333334,0.017707206666666666,0.002977971333333333,42.08538000000001,61.08792,277.20133333333337,4445.584,0.1814762,0.3424861333333334,0.4458537333333334,0.2148958,0.3715016,0.10645049333333334
0,13.730533333333334,24.546566666666667,89.74069333333334,448.70346666666666,0.12549189333333333,0.14857473333333335,0.08273293999999999,0.034222706666666665,0.24896306666666668,0.08408008666666666,0.5835476666666667,1550.5140000000001,4.442993333333334,35.10353333333334,0.009676140000000001,0.046385886666666674,0.04344548,0.0176813,0.04538848,0.004297916000000001,15.38856,29.714946666666666,101.39869333333333,550.2576,0.15712393333333333,0.32577633333333333,0.24818586666666667,0.10266811999999999,380.828,0.09827694000000002
0,17.60358,28.29008,112.90125333333333,726.6820000000001,0.10305672,0.10698158,0.052745973333333335,0.027746040000000003,0.21178700000000003,0.07589358,437.8226666666667,2481.8586666666665,3356.208666666667,34.66312,0.007041432,0.031165720000000004,0.04014238,0.012848411333333335,0.026295266666666664,0.003897658,19.170933333333334,38.911813333333335,126.50225333333333,856.8629999999999,0.13018100000000002,224.09266666666667,0.18821193333333333,0.08016818,0.3168385333333334,0.09098421333333333
0,16.670939999999998,20.997353333333333,106.70956,663.4697333333335,0.12208516666666668,0.08055678000000001,50.518,0.020919633333333337,260.362,0.07472778000000001,0.30375566666666665,1579.0113333333336,2002.5853333333334,23.62688,0.007147649333333335,0.028212360000000002,0.03353618,0.00819946,0.03358799333333334,0.0027940340000000004,18.005133333333333,30.62168,115.63440666666666,773.9616666666667,0.16269386666666666,0.23419626666666668,0.2580304,0.07487026666666667,0.46683813333333335,0.09147644
0,13.873020000000002,26.411846666666666,90.02566666666667,446.7604666666666,0.1401550666666667,0.16696846666666665,0.10942976,0.037137206666666665,0.2160616,0.08888577333333335,0.4142476,1928.7513333333334,2.888593333333333,26.865213333333333,0.011531057333333332,0.0619817,0.09506451333333334,0.02260356666666667,0.03533669333333333,0.009857486666666667,15.142446666666666,32.65535333333334,99.10595333333335,531.6048,0.17292700000000003,330.31,0.3282374666666667,111.39866666666667,0.3374343333333334,0.11270695333333335
0,18.510313333333333,21.78750666666667,116.9686,819.4278666666668,0.08327698,0.03465016666666667,0.009391166666666667,0.008095833333333335,0.19533626666666667,0.06963712000000001,0.16865240000000004,0.9323809333333334,1.0931317999999999,13.950740000000001,0.004523304,0.004805686666666667,0.006251278666666668,0.004673562666666667,0.019896320000000002,0.0017888553333333336,19.31342,26.74863333333333,122.33127999999999,886.7852000000001,0.11097120666666667,0.06523298666666667,0.05007758666666667,0.04317346,0.31839293333333335,0.0792744
0,14.624313333333333,16.891146666666668,93.56192666666668,502.58933333333334,0.12738308,0.09854896,0.04229263333333333,0.03568643333333334,0.22914446666666669,0.08121740000000001,0.2466314666666667,0.6856199333333334,1507.768,17.059540000000002,0.008383397333333334,0.01453364,0.01660617333333333,0.011462404666666667,0.021917040000000002,0.003648954,15.958506666666667,20.958493333333333,101.38574,592.615,0.17590626666666667,0.19520673333333335,0.16515500000000002,0.11334166666666666,0.3540146,0.10391164000000001
1,28.1735,27.189046666666666,190.8026,1931.3419999999999,0.12177428666666666,0.25401486666666667,0.28432566666666664,0.14093226666666667,0.2229268666666667,0.08023294666666668,1511.6540000000002,1751.2906666666668,11485.720666666668,203.1082666666667,0.0073665606666666675,0.06424853333333333,0.08198164666666667,0.020220153333333334,0.024922213333333335,0.005976668,36.51544666666667,36.502493333333334,253.75580000000002,3088.074666666667,0.1647664,0.6120450000000001,0.7522000666666666,0.2384708666666667,0.36696793333333333,0.11474062666666668
0,12619.137333333334,20.29787333333333,79.663,375.51713333333333,0.11705927333333334,0.06073818,0.014287526666666668,0.01822534,0.2695588666666667,0.08176144,0.34766746666666676,1825.1246666666666,2.2668333333333335,21.230513333333334,0.017875600000000002,0.013821206666666669,0.010812147333333334,0.012269397333333333,0.023290093333333334,0.005519415333333334,13.924833333333334,27.04656,88.19924666666668,460.1024,0.1900254,0.12137273333333336,0.05237032666666667,0.06682624666666666,0.36800420000000006,0.10589350000000002
1,23.225326666666664,31.709760000000003,149.22240000000002,1293.9084666666665,0.11470176666666666,0.09102307333333333,0.07382104666666667,0.06145061333333334,0.19922226666666665,0.07137286666666667,0.5455944,1856.2126666666666,3581.596666666667,59.339220000000005,0.007051794666666666,0.015142446666666668,0.021010306666666662,0.011038830666666668,0.01838078,0.003563462,27.09837333333334,44.935113333333334,174.99953333333335,1709.8400000000001,0.17033633333333334,0.23393720000000004,269.4293333333333,0.14714986666666668,0.3243514666666667,0.10295309333333334
0,15.401513333333334,22.486986666666667,98.7044,564.2472,0.15867833333333334,0.09339353333333333,0.07680031333333334,0.09590648,0.2610096666666667,0.07610083333333333,0.8305677333333333,2970.1993333333335,5208.535333333333,63.26408000000001,0.018367826666666667,0.019287513333333336,0.016411873333333337,0.024740866666666667,0.03468902666666667,0.0038885906666666667,16.062133333333335,24.598379999999995,102.92718666666667,611.9154666666667,0.1760358,0.10839349333333335,0.09265519333333333,0.11588052,287.564,0.07814746
0,14.676126666666667,18.341920000000002,92.99198000000001,513.7292000000001,0.12148931333333333,0.05015530666666667,0.0019261606666666669,0.0043173460000000006,0.2531081333333333,0.07540135333333334,0.30764166666666665,1.6580266666666665,2027.1966666666667,22.137246666666666,0.010914478666666666,0.011655409333333333,0.0019261606666666669,0.0043173460000000006,0.03054396,0.0021075073333333334,15.803066666666666,24.598379999999995,100.21994000000001,593.2626666666666,0.16308246666666668,0.09518109333333334,0.006418376666666667,0.014391153333333335,0.35725293333333336,0.08271998666666668
1,24.365219999999997,25.88076,156.60580000000002,1427.4573333333335,0.11558259333333333,0.07621741333333333,0.10388573333333333,0.07568632666666668,200.77666666666667,0.06471485333333334,0.42525793333333334,1072.536,3060.8726666666666,47.590546666666675,0.009806968666666667,0.014430013333333333,0.03397659333333333,0.018950726666666667,0.024999933333333335,0.002170978666666667,25.854853333333335,31.4766,167.098,1601.0320000000002,0.16100993333333333,150.25866666666667,286.26866666666666,0.16761613333333333,0.33251206666666666,0.07431327333333333
0,17.60358,23.108746666666665,111.70954666666667,741.3192666666665,0.10295309333333334,0.052486906666666666,0.02586780666666667,0.016036226666666667,0.20375593333333333,0.07150240000000001,334.196,1510.3586666666667,2180.046,28.782306666666667,0.004845842,0.006831588,0.013795300000000002,0.006533661333333333,0.017409280000000003,0.0014585453333333335,20.07766666666667,33.80820000000001,128.12142,957.3808666666667,136.01000000000002,0.09873030666666666,137.30533333333332,0.06716303333333333,0.3024603333333334,0.08112672666666668
0,17.940366666666666,19.66316,115.27171333333332,760.8788,0.12326391999999999,0.09958522666666668,0.058017980000000004,0.04806981999999999,273.31533333333334,0.07581586,0.32111313333333336,1.191059,2.37046,25.14242,0.005485736666666667,0.019961086666666666,0.018873006666666668,0.013510326666666668,0.019792693333333333,0.0020634660000000003,19.404093333333336,28.160546666666665,127.42194,867.8733333333333,0.153497,0.22331546666666668,0.18860053333333335,0.12944266000000001,0.382771,0.08953344
1,24.818586666666665,34.45586666666667,163.47106666666667,1474.0893333333333,132.124,0.18821193333333333,0.24883353333333333,0.12518101333333334,0.24637240000000002,0.08056973333333334,0.8239615333333333,1296.6286666666667,5597.135333333333,90.21996666666668,0.009575104000000001,0.03172271333333334,0.051657893333333336,0.016748660000000002,0.018588033333333333,0.0044637186666666665,30.72530666666667,46.50246666666666,206.9942666666667,2233.154666666667,0.23082840000000002,0.49753753333333334,0.7453348000000001,0.24248640000000002,0.4220196,0.1259064
0,15.207213333333334,18.160573333333335,96.16554666666667,553.4959333333334,0.10120439333333335,0.05621746666666667,0.029080233333333334,0.03579006,0.27214953333333336,0.07918372666666666,0.7278478,1642.4826666666668,4814.754,49.002460000000006,0.010406707999999999,0.018678706666666666,0.019611346666666668,0.023911853333333333,0.03783668666666667,0.0025971433333333333,17.24088666666667,23.65278666666667,109.71473333333334,691.3194,0.13419653333333334,110.10333333333334,0.08724069999999999,0.10738313333333334,0.4016828666666667,0.08663189333333332
1,25.129466666666662,23.54916,164.7664,1483.1566666666668,0.13432606666666666,0.18678706666666667,0.21062119999999998,0.12259034666666667,0.24520660000000002,0.07632104,0.6099724666666667,1.2889862,3760.352666666667,68.85992,0.007323814666666667,0.02848438,0.03962424666666667,0.019417046666666667,0.021023260000000002,0.00254533,30.81598,37.1113,197.4088,2108.802666666667,0.1966316,0.48562046666666675,0.5590658666666667,0.2917090666666667,465.0246666666667,0.10086760666666666
1,21.036213333333333,24.313406666666666,140.93226666666666,1042.8728666666668,0.13808253333333334,0.23341906666666667,0.25233093333333334,0.11725357333333335,0.2430045333333333,0.08658008,0.37214926666666664,1.1882092666666668,3191.701333333334,36.385913333333335,0.005910606,0.04509055333333334,0.05015530666666667,0.01566058,0.017979226666666667,0.005286255333333334,24.028433333333336,32.49991333333333,164.3778,1335.4886666666669,0.17681300000000003,0.6095838666666668,0.6510345333333334,0.22435173333333333,358.80733333333336,0.13769393333333335
0,16.77456666666667,20.75124,107.69401333333333,665.4127333333334,0.13018100000000002,0.10288832666666668,0.07972776666666667,0.04365273333333333,224.09266666666667,0.08380806666666667,0.2712428,0.9891165333333333,1594.5553333333335,22.888540000000003,0.011301783333333334,0.025945526666666666,0.030246033333333335,0.014663173333333335,0.0340025,0.006121745333333334,17.797880000000003,25.815993333333335,115.03855333333333,758.2881333333333,0.19209793333333333,0.26787493333333334,0.2902842,0.1367872,437.8226666666667,0.12414474666666665
0,15.3497,22.616520000000005,97.84948000000001,560.4907333333333,0.10844530666666667,0.07308270666666666,0.034818560000000005,0.029533600000000004,0.24287500000000004,0.0740283,268.134,1603.6226666666669,1598.4413333333334,17.97922666666667,0.009838056666666668,19.43,0.01829010666666667,0.011111369333333334,0.02321237333333333,0.002310874666666667,16.917053333333335,33.35483333333334,109.26136666666666,670.7235999999999,0.1773311333333333,0.22771960000000002,0.17046586666666666,0.11839346666666667,0.4016828666666667,0.09076400666666666
0,16.47664,17.84969333333333,105.93236,637.4335333333335,0.12521987333333334,0.10871732666666667,0.016683893333333335,0.024922213333333335,0.21217560000000002,79.01533333333334,0.23406673333333336,0.8977955333333334,1.7357466666666668,17.33156,0.007854901333333332,0.015284933333333334,0.008502568,0.010334169333333336,0.017797880000000002,0.001803104,17.487,22.64242666666667,114.68881333333336,717.2260666666667,0.16813426666666667,0.1906730666666667,0.06778479333333333,0.08216299333333334,0.30686446666666667,0.08966297333333334
0,17.83674,17.189073333333333,114.06705333333333,754.7907333333334,0.11914476000000002,0.08058268666666667,0.013769393333333336,0.02483154,0.2062170666666667,0.07658010666666666,0.28380753333333336,0.8997385333333333,1915.798,22.979213333333334,0.005632109333333334,0.010560852666666667,0.005533664,0.008845831333333333,0.027901480000000003,0.0023341906666666666,19.00254,21.929993333333332,121.98154000000001,856.3448666666667,151.554,0.13885973333333335,0.04834184,0.07515524,0.36567259999999996,0.08800494666666668
0,14.132086666666668,15.997366666666666,89.55934666666667,471.1127333333333,0.11033649333333334,0.06115268666666667,0.016010319999999998,0.017733113333333335,0.18769380000000002,0.07812155333333334,0.22707193333333334,1330.3073333333334,1641.1873333333333,14.365246666666666,0.004505169333333334,0.01581602,0.013885973333333334,0.012167066000000002,0.038095753333333336,0.004440402666666667,14.727939999999998,19.19684,93.80804,508.0297333333333,0.12062144000000001,0.09722772,0.03735741333333333,0.041372946666666674,0.2775899333333333,0.08604899333333334
1,15.23312,23.49734666666667,97.14999999999999,558.4182000000001,0.12911882666666666,0.07660601333333333,0.034779700000000004,0.04553096666666667,0.20971446666666668,0.08143760666666666,835.4900000000001,2726.6766666666667,5360.089333333333,63.613820000000004,0.007248685333333334,0.0130181,0.01647664,0.018549173333333332,0.0204015,0.0035725293333333332,17.305653333333332,30.29784666666667,110.23286666666667,717.0965333333334,0.1472794,0.10328988000000001,0.0792744,0.09274586666666666,0.25621693333333334,0.08957230000000001
0,18.471453333333333,23.53620666666667,118.16030666666667,820.0755333333333,0.08518112,0.06761640000000001,0.032059500000000005,0.017797880000000002,0.21178700000000003,0.07235732,0.2979266666666667,866.578,2151.548666666667,26.63205333333333,0.004104911333333333,0.01783674,0.013976646666666667,0.006791432666666667,0.014287526666666668,0.0025349673333333335,21.010306666666665,32.72012,137.04626666666667,1061.7847333333334,0.12234423333333334,0.28069873333333334,0.20271966666666666,0.09753860000000002,0.3414498666666667,0.09942978666666667
0,13.613953333333333,29.909246666666665,86.59303333333332,432.9004,0.13147633333333333,0.08804380666666667,0.032318566666666666,0.0242875,0.21955900000000003,0.08492205333333332,0.3715016,1480.566,2965.018,26.63205333333333,0.01317354,0.018691660000000002,0.02410615333333334,0.01619166666666667,0.044870346666666665,0.0025531020000000002,14.157993333333332,31.372973333333334,90.80286666666666,469.81739999999996,0.1480566,0.11158001333333332,0.053859960000000005,0.04047916666666667,0.28847073333333334,0.08778473999999999
1,25.29786,24.481799999999996,167.74566666666666,1576.4206666666666,148.96333333333334,0.21269373333333333,0.28458473333333334,0.1375644,0.23212373333333333,0.08487024,1439.1153333333334,1503.8819999999998,9374.327333333333,172.2793333333333,0.007844538666666666,0.04148952666666667,0.07303089333333333,0.02244812666666667,0.024404079999999998,0.006200760666666666,33.58799333333334,33.98954666666666,221.63153333333332,2659.3193333333334,0.19365233333333332,0.5331592,0.7928735333333333,256.476,0.38445493333333336,0.12861364666666666
0,16.139853333333335,25.76418,104.18366000000002,610.4906,0.10946862,0.1313468,0.08847126666666667,0.04014238,0.2306988666666667,0.08094538,0.4717604,1.347146666666667,3340.664666666667,36.683840000000004,0.008458526666666667,0.043639779999999996,0.06103610666666667,0.01817352666666667,0.035492133333333335,0.006024595333333333,17.43518666666667,29.88334,114.15772666666668,714.1172666666666,136.01000000000002,0.27953293333333334,0.2466314666666667,0.09876916666666667,0.3477970000000001,0.10056968000000001
1,26.023246666666665,30.906653333333335,174.4814,1615.2806666666668,139.896,0.23808226666666665,0.2957246,165.80266666666668,0.29132046666666667,0.09674844666666667,1388.5973333333334,2257.766,10108.781333333334,169.42960000000002,0.010316034666666668,0.061295173333333335,0.09908004666666669,0.025077653333333335,0.03544032,0.007678736000000001,30.673493333333337,38.12166,205.69893333333334,2196.885333333333,0.17448139999999998,0.4392475333333334,0.6388584,0.2490926,0.42668280000000003,0.12265511333333333
0,13.588046666666669,24.106153333333335,86.60598666666668,433.0299333333334,0.1383416,0.08650236000000001,0.02975380666666667,0.023056933333333335,0.1919684,85.492,0.192357,2024.606,1340.67,13.056960000000002,0.011496083333333332,0.01212691066666667,0.023419626666666665,0.011915771333333334,0.02319942,0.0042966206666666664,14.326386666666666,31.787480000000002,91.65778666666667,486.2681333333333,0.18303060000000002,0.13523280000000001,0.10910592666666667,0.08455936000000001,0.2866572666666667,0.10158004
0,14.844520000000001,23.523253333333333,95.32358,522.1488666666668,0.11467586,0.09966294666666665,0.04331594666666666,0.01945590666666667,0.18277153333333332,0.08086766,0.4246102666666667,1371.758,3205.9500000000003,29.701993333333334,0.008616557333333334,0.03435224,0.028769353333333334,0.010112667333333334,0.024533613333333332,0.004418382,16.424826666666664,27.992153333333334,107.11111333333334,634.4542666666667,0.14818613333333333,0.23173513333333337,0.15880786666666666,0.07135991333333334,0.28600960000000003,0.09893756
0,15.025866666666666,31.72271333333333,96.15259333333334,540.4130666666666,0.09681321333333333,0.07367856,0.025569880000000003,0.017007726666666667,0.250647,0.07613969333333333,0.3253877333333333,2313.4653333333335,2540.1486666666665,23.58802,0.007930030666666666,0.030271939999999997,0.020673519999999997,0.009064742666666667,0.041372946666666674,0.0028639819999999997,16.113946666666667,40.95844,105.42718,617.2263333333334,0.12363956666666666,0.1762948666666667,0.09376918,0.0623703,0.42020613333333334,0.08737023333333332
0,17.0984,20.492173333333334,108.89867333333332,695.9825999999999,0.11024582000000001,0.06801795333333334,0.001892482,0.004224082,0.21139840000000001,0.07634694666666667,0.24650193333333334,0.7428736666666667,1559.5813333333335,20.07766666666667,0.004704650666666667,0.010182615333333334,0.001461136,0.003090665333333334,0.017409280000000003,0.0033484366666666665,18.665753333333335,26.489566666666665,119.17066666666666,824.9978,0.1461136,0.17435186666666666,0.014507733333333333,32.38333333333333,0.34339286666666663,0.1086137
0,11.658000000000001,18.652800000000003,73.00498666666667,319.04060000000004,0.0907381,0.040362586666666665,0.004768122,0.004497397333333333,0.2316056,0.08851012666666667,0.22616520000000004,1690.41,1481.8613333333333,12680.018000000002,0.009571218,0.006325112666666667,0.004768122,0.004497397333333333,0.034986953333333334,0.0027888526666666664,12563.438,25.997339999999998,78.8858,369.81766666666664,0.12773282,0.06777184,0.01906730666666667,0.01799218,0.38743419999999995,0.10108781333333333
0,17.487,16.463686666666668,110.99711333333333,733.4177333333333,0.09554378666666669,0.046813346666666665,0.0035725293333333332,0.0057240780000000005,0.17681300000000003,0.06910603333333333,0.2906728,0.8891168,1954.6580000000001,26.411846666666666,0.004323822666666667,0.004852318666666667,0.002629526666666667,0.0041994706666666675,0.019170933333333334,0.002028492,19.391140000000004,21.94294666666667,123.67842666666667,905.0494,0.11687792666666667,0.07559565333333333,0.017862646666666666,0.02862686666666667,0.2936520666666667,0.08020704000000001
0,16.904100000000003,17.927413333333334,107.13701999999999,687.3038666666667,0.10818624,0.0483807,0.005905424666666667,0.011436498000000002,0.18821193333333333,0.07147649333333334,0.514895,1.0731836666666668,3325.120666666667,42.75895333333333,0.005373042666666667,0.006102315333333334,0.003667088666666667,0.006244802,0.01841964,0.002944292666666666,19.08026,22.5388,121.70952,870.9821333333333,0.13160586666666665,0.07573814,0.02362688,0.04575117333333333,0.27292673333333334,0.08523293333333333
0,15.1554,24.75382,96.28212666666667,542.3560666666666,0.11417068000000001,0.06804386,0.02050512666666667,0.014870426666666667,0.25077653333333333,0.07937802666666667,0.20738286666666664,1.8523266666666667,1436.524666666667,14.61136,0.007854901333333332,0.011800486666666667,0.013497373333333335,0.009893756,0.03042738,0.0021515486666666664,16.334153333333333,34.3911,104.81837333333334,625.7755333333333,0.1584192666666667,0.14080273333333335,0.10252563333333332,0.07436508666666668,0.45168273333333336,0.09012929333333335
0,18.92482,20.32378,120.05149333333334,861.2671333333333,0.09867849333333334,0.04553096666666667,0.018743473333333333,0.024313406666666666,0.21139840000000001,0.06806976666666667,409.3253333333334,1.1806963333333333,2531.0813333333335,37.43513333333333,0.006516821999999999,0.007799202000000001,0.006897650000000001,0.008191688,0.019352280000000003,0.0011590642666666666,21.32118666666667,28.1735,134.32606666666666,1089.1162666666667,0.1309582,0.09180027333333333,0.06147652000000001,0.07529772666666666,327.71933333333334,0.07376923333333334
0,16.528453333333335,17.318606666666664,106.59298000000001,652.9775333333333,0.11391161333333334,0.10295309333333334,0.052486906666666666,0.03300509333333333,0.20738286666666664,0.07953346666666668,0.42292633333333335,0.8541428,3038.8520000000003,32.61649333333333,0.008411894666666668,0.035854826666666666,0.04063460666666667,0.013847113333333334,0.022422219999999996,0.005689104,18.380779999999998,21.243466666666666,119.22248000000002,801.5522666666666,0.15466280000000002,0.28600960000000003,0.22914446666666669,0.10895048666666668,0.3321234666666667,0.10690386000000002
0,14.948146666666666,13.885973333333334,95.50492666666668,529.9208666666667,0.11135980666666667,0.07731844666666667,0.017707206666666666,0.011537534,0.23743459999999997,79.01533333333334,0.16994773333333335,0.4665790666666667,1433.934,12225.356,0.005341954666666667,0.017357466666666668,0.012992193333333334,0.006045320666666667,0.026321173333333336,0.0025284906666666667,15.984413333333334,16.670939999999998,105.21992666666667,605.9569333333334,0.1414504,0.21062119999999998,0.10782354666666666,0.06107496666666667,439.118,0.09629508000000002
0,11135.980666666668,24.0932,70.06458,286.52773333333334,0.13911880000000001,0.07573814,0.0,0.0,0.2801806,0.09532358,0.4362682666666667,3597.1406666666667,2878.230666666667,23.069886666666665,0.02687816666666667,0.01817352666666667,0.0,0.0,0.07961118666666667,0.008834173333333332,11595.824,29.06728,73.38063333333334,311.0095333333333,0.17448139999999998,0.10060854000000001,0.0,0.0,0.40699373333333333,0.10512925333333334
0,16.178713333333334,21.82636666666667,102.57744666666667,623.8325333333333,0.11024582000000001,0.04966308,0.005794026000000001,0.008319926,0.157383,0.07348426000000001,0.2222792,0.9262928666666667,1356.2140000000002,16.43778,0.006383402666666667,0.003901544,0.0033937733333333337,0.00439118,0.018043993333333334,0.001740928,17.279746666666668,25.53102,109.42976,704.9204000000001,0.14300480000000002,0.06415786,0.02510356,0.03606208,0.24831540000000005,0.07997388000000001
0,15.77716,18.238293333333335,100.06450000000001,597.6668,0.10018108000000002,0.04160610666666667,0.014546593333333335,0.006542728666666667,0.21670926666666668,0.07317338,0.2737039333333333,0.7766818666666667,1862.6893333333335,20.492173333333334,0.006920966,0.007470187333333334,0.014546593333333335,0.006542728666666667,0.02560874,0.0012308257333333334,16.645033333333334,21.33414,105.6992,664.6355333333335,0.12966286666666668,0.06906717333333333,0.05331592000000001,0.023989573333333333,0.2970199333333334,0.07819927333333333
1,23.600973333333332,24.442940000000004,153.75606666666667,1330.3073333333334,0.12624318666666667,0.14468873333333335,146.37266666666667,0.102979,0.23406673333333336,0.07336768,0.5234442,0.7128219333333333,3299.214,63.3418,0.006244802,0.021489580000000005,0.031191626666666666,0.014805659999999998,0.0165155,0.003174862,28.29008,32.38333333333333,182.51246666666668,1923.57,0.1857508,0.3579006,0.4990919333333333,0.2300512,0.3642477333333334,0.10619142666666666
0,11712.404,24.481799999999996,77.81067333333333,316.709,0.12911882666666666,0.2554397333333333,0.2558283333333334,0.06357496,301.81266666666664,0.11325099333333333,0.6027186,2475.382,4882.111333333333,31.347066666666667,0.012752556666666666,0.08536246666666668,0.13303073333333335,0.032733073333333335,0.045220086666666666,0.010203340666666666,13.031053333333334,30.3108,88.88577333333335,384.84353333333337,0.1581602,0.48549093333333343,0.5970191333333333,0.14831566666666668,0.40608700000000003,0.13665766666666665
0,16.10099333333333,22.020666666666667,101.8132,618.2626,0.09788834,0.04474081333333333,0.017383373333333334,0.022007713333333335,0.1906730666666667,0.07203348666666666,0.4893769333333334,2.8497333333333335,3221.494,40.362586666666665,0.009529767333333333,0.013976646666666667,0.012900224666666668,0.014507733333333333,0.04446879333333333,0.003835482,16.7098,26.178686666666668,105.90645333333335,668.2624666666667,0.10892458,0.06103610666666667,0.02897660666666667,0.03668384,0.24624286666666664,0.07683917333333333
0,13.277166666666666,20.958493333333333,86.16557333333333,419.9470666666667,0.13743486666666668,0.14391153333333334,0.08712412000000001,0.051359966666666666,0.22577660000000002,0.09428731333333333,0.4762940666666667,1905.4353333333336,2068.6473333333333,29.378159999999998,0.013588046666666666,0.05524596666666667,0.05186514666666667,0.019999946666666667,0.03522011333333334,0.009839352,14.61136,26.696820000000002,92.65519333333333,505.6981333333333,0.18160573333333332,305.69866666666667,0.24585426666666665,0.12621728000000002,0.3378229333333333,0.12567324
1,26.113920000000004,25.466253333333338,169.8182,1650.2546666666667,0.10388573333333333,0.11093234666666667,0.14961100000000002,0.10007745333333333,0.24974026666666668,0.06601018666666666,0.7674850000000001,0.8889872666666667,5010.349333333334,96.9557,0.0058756319999999996,0.017823786666666667,0.03426156666666667,0.01615280666666667,0.028406660000000004,0.0020582846666666664,29.870386666666665,29.831526666666672,194.55906666666667,2146.367333333333,0.13652813333333333,0.19909273333333333,0.33756386666666666,0.184585,0.39572433333333334,0.07685212666666667
0,16.657986666666666,17.25384,107.27950666666665,653.8842666666667,0.14689080000000002,0.11442974666666667,49.22266666666667,44.041333333333334,0.19986993333333333,0.08388578666666667,0.28652773333333337,1349.7373333333333,2090.668,21.463673333333332,0.0076554200000000005,0.026113920000000002,0.02463724,0.01309582,0.015569906666666666,0.004024600666666667,18.18648,27.305626666666665,120.20693333333332,776.5523333333334,0.20038806666666667,0.2889888666666667,0.2319942,0.14961100000000002,0.3085484,0.11078986
1,26.347080000000002,27.862620000000003,176.0358,1637.3013333333336,151.554,0.24287500000000004,0.332253,0.19481813333333334,0.33277113333333336,0.08639873333333332,0.7385990666666667,1325.126,5196.877333333333,89.45572,0.007104903333333333,0.03148955333333333,0.041321133333333336,0.017733113333333335,0.035854826666666666,0.00433289,32.77193333333334,41.26932,221.63153333333332,2510.356,0.2062170666666667,0.5818637333333333,0.6922261333333334,0.3477970000000001,0.7199462666666666,0.13264213333333333
0,15.803066666666666,19.70202,101.04895333333333,593.1331333333334,0.11234426000000002,0.08477956666666665,0.025828946666666668,0.021917040000000002,0.21217560000000002,0.07939098,0.33354833333333334,1.0457226000000002,2537.558,24.624286666666666,0.0069986860000000005,0.018367826666666667,0.013613953333333333,0.0066606040000000005,0.017266793333333332,0.002674863333333333,17.810833333333335,27.694226666666665,118.01782000000001,755.3088666666667,0.16269386666666666,0.24974026666666668,0.1511654,0.07196872,0.3446882,0.10312148666666666
0,16.411873333333336,22.409266666666667,105.24583333333334,634.5838,0.13316026666666667,0.09927434666666667,0.04135999333333334,0.027292673333333333,0.2211134,0.07751274666666667,0.27202,1.2312143333333334,2028.4920000000002,22.810820000000003,0.008819924666666668,0.012323801333333334,0.01721498,0.008385988,0.02664500666666667,0.002310874666666667,17.759020000000003,27.331533333333336,114.89606666666667,744.0394666666666,0.17927413333333334,0.1569944,132.124,0.07256457333333334,0.34818560000000004,0.08922256
0,18.277153333333334,16.683893333333334,116.61886,798.573,0.12058258000000001,0.06873038666666667,0.02286263333333333,0.03540146,0.17784926666666667,73.834,0.3330302,1400.2553333333335,2018.1293333333333,30.984373333333338,0.008668370666666666,0.014663173333333335,0.0074054206666666665,0.008584174,0.01834192,0.0032072453333333337,20.116526666666665,23.316000000000003,127.4608,971.3704666666666,0.1659322,0.14365246666666667,0.06874334,0.07629513333333333,0.27202,0.09174846000000002
0,15.582859999999998,23.225326666666664,98.56191333333334,577.7186666666666,0.09952045999999999,0.05041437333333334,0.0020025853333333335,0.0072435040000000004,0.17901506666666667,0.07862673333333332,0.3024603333333334,1.1783647333333334,1898.9586666666667,21.981806666666667,0.006125631333333333,0.008920960666666667,0.0015336746666666666,0.005117862,0.018989586666666666,0.00227331,16.930006666666667,28.821166666666667,107.17587999999999,677.9774666666666,0.13121726666666667,0.09572513333333332,0.010015517333333333,0.036217519999999996,0.2812168666666667,0.09115260666666668
1,21.075073333333332,26.826353333333333,138.47113333333334,1054.0127333333335,0.15142446666666667,0.17085446666666668,0.19145026666666665,0.10994789333333332,0.25233093333333334,0.08130807333333334,0.5667083333333334,1595.850666666667,4.235740000000001,57.525753333333334,0.008674847333333334,0.026981793333333337,0.04207242666666667,0.01803104,0.019896320000000002,0.0036126846666666664,24.97402666666667,39.35222666666667,168.1342666666667,1452.0686666666668,205.958,0.38173473333333335,0.46593140000000005,0.20505126666666665,0.4019419333333334,106.21733333333333
1,21.062120000000004,28.34189333333333,139.24833333333333,1070.9815999999998,0.15090633333333334,0.16619126666666667,0.23303046666666669,0.10338055333333335,0.24209780000000003,0.08461117333333334,0.7391172,1887.3006666666668,3835.482,74.76664000000001,0.01367872,0.04865272,0.07563451333333333,0.015362653333333335,0.05209830666666667,0.008014227333333334,22.966260000000002,32.65535333333334,147.2794,1263.2090666666668,0.18471453333333335,0.27409253333333333,0.43315946666666666,0.1356214,0.3544032,0.10301786000000002
1,20.764193333333335,20.09062,137.04626666666667,1027.4584000000002,0.12294008666666667,0.1775902,0.15595813333333333,0.09120442000000001,0.23082840000000002,0.07740912000000001,0.43665686666666664,0.9683912000000001,3405.4313333333334,43.095740000000006,0.007563451333333333,0.04203356666666667,0.04812163333333334,0.018898913333333333,0.019002540000000002,0.004042735333333334,24.300453333333337,28.47142666666667,161.00993333333335,1386.006666666667,0.18588033333333331,0.5800502666666666,0.6419672,0.2566055333333333,0.39106113333333337,0.11818621333333335
0,16.81342666666667,25.064700000000002,109.48157333333334,665.8013333333333,0.12407997999999999,0.14572500000000002,0.09205933999999999,0.038212333333333334,0.2281082,0.08471479999999999,0.34766746666666676,0.7336768,3192.9966666666664,26.74863333333333,0.007418374000000001,0.04216310000000001,0.056903993333333326,0.012708515333333335,0.03563462,0.005922264,18.678706666666667,28.43256666666667,128.51002,821.6299333333333,0.16683893333333333,0.4213719333333333,0.4454651333333333,0.12769396000000002,0.4658018666666666,0.11873025333333335
0,14.53364,25.72532,93.18628,501.68260000000004,0.13652813333333333,0.08781064666666667,0.0064844386666666675,0.009822512666666667,251.29466666666667,0.07808269333333333,0.3854912,2546.6253333333334,2537.558,25.414440000000003,0.016696846666666668,0.014300479999999999,0.004270714,0.006433920666666666,0.05496099333333334,0.002542739333333333,15.518093333333335,33.39369333333334,99.62408666666666,564.8948666666666,0.18445546666666668,0.12524578,0.0172927,0.02619164,0.42642373333333333,0.08448164000000001
0,14.5725,19.145026666666666,92.46089333333333,505.18,0.10759038666666666,0.057745960000000006,0.0012612660666666668,0.0038095753333333335,0.22966260000000002,0.07876922000000001,0.2777194666666667,1.2902815333333333,1980.5646666666669,19.520673333333335,0.007275887333333332,0.009227954666666668,0.0012612660666666668,0.0038095753333333335,22.020666666666667,0.002629526666666667,16.528453333333335,28.575053333333333,106.32096,638.2107333333333,0.15103586666666666,0.12686494666666667,0.007147649333333335,0.02159320666666667,0.36463633333333334,0.09608782666666667
0,15.9326,24.637240000000002,100.88056,601.5528,0.10768106,0.054429906666666666,0.010046605333333333,0.011055669999999998,0.1993518,0.07700756666666668,238.34133333333332,1984.4506666666666,1553.1046666666668,17.150213333333333,0.010208522000000001,0.010922250666666668,0.009072514666666667,0.008448164,0.025116513333333337,0.002878230666666667,17.2927,36.865186666666666,109.49452666666667,705.0499333333332,0.15828973333333335,0.11725357333333335,0.04687811333333333,0.05159312666666666,0.33082813333333333,0.09335467333333332
1,22.098386666666666,27.202,144.81826666666666,1189.8932000000002,0.1449478,0.1367872,0.19533626666666667,0.12867841333333332,0.22370406666666665,0.07863968666666667,1.0571215333333335,2757.7646666666665,7870.445333333333,112.91420666666669,0.008361376666666667,0.02327714,0.05831590666666667,0.022590613333333332,0.023691646666666667,0.004835479333333334,27.189046666666666,42.9403,185.49173333333331,1764.244,0.18769380000000002,0.26593193333333337,507.7706666666667,0.23665740000000002,0.3397659333333333,0.09843238
0,16.82638,18.432593333333333,108.91162666666666,666.1899333333333,0.12256444,0.12907996666666668,0.04841956,0.02717609333333333,0.2139890666666667,0.09375622666666666,0.23497346666666666,0.8305677333333333,1.1941678,18.665753333333335,0.006775888666666667,0.029857433333333336,0.04032372666666667,0.009475363333333334,0.02123051333333333,0.007384695333333334,17.771973333333335,21.904086666666668,113.18622666666666,746.1120000000001,0.14792706666666666,0.2558283333333334,187.82333333333335,0.07577700000000001,0.3150250666666667,0.13069913333333336
1,24.313406666666666,27.758993333333333,159.19646666666668,1414.504,0.11808258666666667,0.18160573333333332,137.30533333333332,0.0788858,0.2529786,0.07879512666666667,0.8318630666666667,1.9818600000000002,5659.311333333334,114.31316666666667,0.009777176,0.05047914,0.05069934666666667,0.02352325333333333,0.02808282666666667,0.0057577566666666665,31.787480000000002,44.52060666666666,208.67819999999998,2426.1593333333335,0.1940409333333333,0.6252574000000001,0.6002574666666667,0.26528426666666666,0.4765531333333333,0.1278494
0,13.018100000000002,22.707193333333336,83.43242,402.5896,0.13044006666666666,0.09489612000000001,0.032525820000000004,0.022992166666666664,244.818,0.08200755333333334,0.33924780000000004,2610.096666666667,2303.1026666666667,21.82636666666667,0.010107486,0.01876938,0.02189113333333333,0.010418366,27.202,0.003598436,14.45592,34.76674666666667,93.23809333333334,497.4080000000001,0.18160573333333332,0.18160573333333332,0.13665766666666665,0.08418371333333334,0.3748694666666667,0.09927434666666667
1,30.45328666666667,31.43774,200.9062,2262.9473333333335,0.13847113333333333,0.16619126666666667,0.29896293333333335,182.64200000000002,0.2327714,0.07132105333333333,1306.9913333333334,1.1975356666666668,8370.444000000001,212.5642,0.008150237333333333,0.025531019999999998,0.04639884,0.016852286666666667,0.01915798,0.004038849333333334,39.727873333333335,39.805593333333334,262.1754666666667,3764.2386666666666,0.19624299999999997,0.34689026666666667,0.6242211333333333,0.27059513333333335,0.3358799333333333,0.10023289333333335
0,18.678706666666667,21.424813333333333,121.95563333333335,830.5677333333334,0.12630795333333333,0.14753846666666667,0.10371734,0.05470192666666666,0.24766773333333336,0.08305677333333333,0.45220086666666676,0.9981838666666666,3467.6073333333334,41.63201333333333,0.005928740666666667,0.03954652666666667,0.0497408,0.016100993333333334,0.024261593333333335,0.004369159333333333,21.59320666666667,27.862620000000003,144.30013333333335,1116.7068666666667,0.16761613333333333,0.43665686666666664,0.4863976666666667,0.18316013333333334,0.3954652666666667,0.11352301333333333
0,12442.972000000002,21.813413333333333,79.84434666666667,363.34100000000007,0.10985721999999999,0.11953335999999999,0.10909297333333334,0.02968904,0.2637298666666667,0.0922925,0.2388594666666667,1.2213698,1851.0313333333334,15.634673333333334,0.007712414666666667,0.04496102,0.06512936,0.011023286666666667,0.022668333333333335,0.005221488666666666,13.924833333333334,29.88334,92.2925,458.0298666666667,0.1597146,0.44248586666666667,0.5623042,0.10518106666666666,0.38626840000000007,0.1272665
0,14.326386666666666,19.378186666666668,92.60338,484.3251333333333,0.13380793333333332,0.11783647333333334,0.06990914,0.043277086666666666,0.2300512,0.08946867333333335,0.20738286666666664,1.0654116666666666,1755.1766666666665,13.989600000000001,0.009606192000000001,0.024313406666666666,0.03572529333333333,0.013082866666666667,0.03041442666666667,0.0037784873333333332,15.440373333333334,25.777133333333335,103.31578666666667,569.9466666666667,0.18367826666666667,286.26866666666666,0.2977971333333333,0.13924833333333334,0.4275895333333333,0.11761626666666668
1,25.49216,28.082826666666666,168.2638,1546.628,0.12690380666666667,0.17344513333333333,0.2413206,0.14287526666666667,0.2696884,0.0740283,0.8064745333333335,2958.541333333333,6700.759333333334,87.64225333333333,0.006160605333333333,0.043626826666666674,0.05628223333333334,0.023393720000000003,0.04865272,0.004259056,29.468833333333336,44.896253333333334,204.14453333333333,1994.8133333333335,0.1577716,0.44792626666666663,0.6132108,0.2920976666666667,0.5239623333333334,0.10256449333333334
0,15.168353333333336,20.0129,97.18885999999999,544.4286000000001,148.96333333333334,0.09431321999999999,0.05189105333333333,0.04209833333333334,0.26023246666666666,0.08427438666666669,0.44637186666666673,0.9578990000000002,3050.51,31.77452666666667,0.012352298666666666,0.014209806666666666,0.021385953333333332,0.014520686666666666,0.025297860000000002,0.004015533333333333,16.917053333333335,23.523253333333333,109.01525333333332,668.9101333333333,189.11866666666666,0.14442966666666668,0.14080273333333335,0.10186501333333335,0.3581596666666667,0.10111372000000002
0,13.29012,19.054353333333335,85.75106666666666,416.57920000000007,0.12800484,0.11863958000000001,0.046385886666666674,0.02638594,0.21152793333333333,0.0907381,437.8226666666667,3249.9913333333334,3101.0280000000002,25.03879333333333,0.022486986666666667,0.06050502,0.03382115333333333,0.01678752,0.0476035,0.008753862666666667,14.093226666666668,25.233093333333333,91.82618000000001,462.5635333333334,176.16533333333334,0.21191653333333335,0.09277177333333335,0.05277188,0.3152841333333333,0.10994789333333332
0,15.621720000000002,24.481799999999996,99.30025333333333,576.8119333333334,0.10862665333333334,0.07505161333333334,0.009727953333333334,0.010994789333333336,0.20142433333333334,0.07834176,314.766,1492.2240000000002,2019.4246666666668,23.34190666666667,0.009300493333333333,0.014196853333333334,0.007554384000000001,0.007117856666666666,0.02567350666666667,0.003567348,17.668346666666668,35.051719999999996,112.09814666666666,728.7545333333334,0.16696846666666665,0.17512906666666664,0.058367720000000005,0.06597132666666668,373.05600000000004,0.10470179333333333
0,19.11912,19.093213333333335,122.88827333333334,866.1894000000001,0.11496083333333333,0.10077693333333333,0.059688960000000006,0.04569936,0.1970202,0.07658010666666666,0.4440402666666667,0.5156722,3286.260666666667,37.64238666666667,0.006129517333333334,0.019507720000000003,0.024028433333333335,0.013821206666666669,0.02801806,0.0036049126666666664,22.370406666666668,23.225326666666664,147.92706666666666,1140.9296,158.0306666666667,0.26023246666666666,0.2786262,0.1620462,0.40271913333333337,0.10604894
0,14.857473333333333,20.764193333333335,94.58524,521.6307333333333,0.11756445333333333,0.07624332,0.03351027333333333,0.030077640000000003,0.21165746666666665,0.08253864000000001,0.2211134,0.9863963333333333,1.4119133333333336,15.867833333333335,0.011905408666666666,0.011072509333333334,0.012176133333333334,0.00818003,0.022733100000000003,0.003897658,16.204620000000002,26.92998,103.19920666666667,616.3196,0.19831553333333338,145.07733333333334,0.12724059333333335,0.08481842666666667,0.3692995333333334,0.11351006000000001
0,15.479233333333333,19.378186666666668,100.03859333333334,552.7187333333333,0.1499996,0.1562172,0.015168353333333334,0.023147606666666667,0.31852246666666667,0.08524588666666666,467.61533333333335,1.3601,3180.0433333333335,34.52063333333333,0.007512933333333333,0.031308206666666664,0.010124325333333333,0.013626906666666667,0.03541441333333333,0.004033668,16.593220000000002,22.953306666666666,107.62924666666667,642.7444,0.1674866,0.24417033333333335,0.04044030666666667,0.06173558666666667,0.40466213333333334,0.0983158
0,15.103586666666667,22.111340000000002,95.46606666666668,545.3353333333333,0.09794015333333334,0.047020599999999996,0.010759038666666665,0.015051773333333332,0.2164502,0.07423555333333333,0.45777080000000003,0.8709821333333334,2882.116666666667,33.71752666666667,0.008527179333333334,0.009055675333333334,0.007705938,0.008155418666666667,0.028704586666666667,0.003455949333333333,17.202026666666665,25.569879999999998,108.30282,702.7183333333334,0.12898929333333334,0.08388578666666667,0.03945585333333334,0.055207106666666665,0.35375553333333337,0.08840650000000001
1,20.401500000000002,24.896306666666664,138.7302,982.6398666666668,0.16100993333333333,0.3062168,0.37746013333333334,0.1608804,0.30764166666666665,0.09848419333333334,0.6740914666666667,1715.0213333333334,4503.874000000001,66.34697333333334,0.012084164666666668,0.08496091333333333,0.12892452666666668,0.02957246,0.07180032666666668,0.009494793333333333,22.486986666666667,31.308206666666667,154.6628,1185.6186,200.77666666666667,0.6536252000000001,0.8901530666666667,0.27655366666666664,0.549869,136.01000000000002
1,33.32892666666667,22.616520000000005,225.64706666666666,2603.6200000000003,0.14883380000000002,0.3060872666666667,0.4362682666666667,0.24779726666666668,0.2533672,0.07928735333333334,1.2885976000000001,1.1021991333333334,9354.897333333332,198.31553333333332,0.008249978,0.05496099333333334,0.055258919999999996,0.019533626666666668,0.030246033333333335,0.004384703333333333,42.914393333333344,30.54396,297.01993333333337,4189.108,198.186,0.7690394,0.8356195333333334,0.3569938666666667,477.978,0.11418363333333335
1,19.533626666666667,33.341879999999996,126.94266666666668,928.2358666666668,0.13264213333333333,0.12654111333333334,0.15997366666666665,0.08488319333333334,0.21334140000000001,0.08373034666666668,0.8463708,1950.772,5406.721333333334,82.08527333333333,0.013626906666666667,0.03148955333333333,0.06362677333333333,0.02261652,0.02746106666666667,0.006304387333333334,23.97662,43.03097333333333,156.9944,1360.1000000000001,215.02533333333335,0.30518053333333334,0.5218898,0.1976678666666667,0.3437814666666667,0.12225356
0,14.430013333333335,18.22534,92.27954666666666,498.18520000000007,0.09422254666666667,0.07854901333333333,0.05835476666666667,0.019054353333333333,218.91133333333335,0.07879512666666667,0.5468897333333333,1.0481837333333335,4.31346,37.357413333333334,0.007177442,0.04387294,0.05835476666666667,0.019054353333333333,0.04018124,0.006257755333333333,15.699440000000001,20.492173333333334,103.13444,587.4336666666667,0.11481834666666667,0.16269386666666666,0.15556953333333334,0.050802973333333334,0.33367786666666666,0.09090649333333334
0,16.269386666666666,24.702006666666666,106.11370666666666,629.2729333333333,0.1134712,0.1344556,133.41933333333336,0.05687808666666667,0.19857460000000002,0.08010341333333333,0.4665790666666667,1914.5026666666665,4160.6106666666665,35.608713333333334,0.012762919333333336,0.054857366666666664,0.08123035333333334,0.025466253333333338,0.03418384666666667,0.005446876666666667,17.318606666666664,29.054326666666668,115.31057333333332,709.0654666666666,0.14196853333333334,0.25932573333333336,0.30932560000000003,0.12001263333333334,0.27474020000000005,0.09310856
0,16.904100000000003,24.080246666666667,110.21991333333334,663.2106666666667,0.1401550666666667,0.16891146666666665,0.12439086,0.07257752666666667,0.2636003333333333,0.08420962,0.40233053333333335,1.9559533333333334,3.3549133333333336,27.940340000000003,0.010112667333333334,0.050932506666666676,0.06621744,0.024300453333333333,0.03704653333333333,0.007402829999999999,18.380779999999998,32.189033333333334,122.04630666666667,765.8010666666668,0.1739632666666667,0.3442996,0.33328926666666664,0.16295293333333333,0.40323726666666676,0.10773287333333333
0,17.966273333333334,20.997353333333333,114.66290666666667,769.0394000000001,0.11325099333333333,0.07113970666666666,0.01945590666666667,0.02704656,0.18445546666666668,0.07620446,0.3294032666666667,1765.5393333333334,2249.994,26.865213333333333,0.007303089333333333,0.010283651333333333,0.006805681333333334,0.007826404,0.019999946666666667,0.0027033606666666665,19.572486666666666,33.13462666666667,125.31054666666667,899.4794666666667,0.14935193333333333,0.1305696,0.06845836666666667,0.07196872,0.30595773333333337,0.09213705999999999
0,11499.969333333334,20.064713333333334,73.49721333333333,312.17533333333336,0.10742199333333334,0.09971476000000001,0.06115268666666667,0.03084188666666667,249.99933333333334,0.08576402000000001,0.6970188666666667,1.5544,5540.140666666667,39.093160000000005,0.014157993333333334,0.037551713333333334,0.041632013333333336,0.019507720000000003,0.03674860666666666,0.005406721333333333,12928.722000000002,22.927400000000002,84.54640666666667,391.1906666666667,0.13147633333333333,0.16165759999999998,0.12229242,0.06168377333333334,0.3152841333333333,0.09625622
0,12222.765333333335,23.730506666666667,77.48684,360.8798666666667,0.13069913333333336,0.07715005333333334,0.03510353333333333,0.018212386666666667,0.19507720000000003,0.09014224666666666,0.6578998,1615.2806666666668,4231.854,39.48176,0.008854898666666668,0.011634684000000001,0.03041442666666667,0.008503863333333334,0.02515537333333333,0.0035142393333333338,15.569906666666666,32.409240000000004,98.17331333333334,569.4285333333333,0.17266793333333333,0.13588046666666667,0.14818613333333333,0.06544024,0.3178748,0.10538832
0,16.24348,23.406673333333334,102.87537333333334,637.1744666666667,0.09632098666666666,0.034326333333333334,0.0015466280000000002,0.007058271333333334,0.19792693333333333,0.06716303333333333,0.4547915333333334,1.2340640666666667,3016.8313333333335,36.65793333333334,0.007490912666666666,0.006078999333333334,0.0010270698,0.004685220666666667,0.02646366,0.0013704626666666666,17.771973333333335,27.176093333333338,112.46084,758.6767333333333,0.12037532666666667,0.05604907333333334,0.004638588666666666,0.021178699999999998,0.2892479333333334,0.07151535333333334
0,17.227933333333336,27.940340000000003,110.41421333333334,707.3815333333333,0.11116550666666665,0.08255159333333333,0.04331594666666666,0.031398880000000004,0.23510299999999998,0.07378218666666667,0.3395068666666667,1993.518,2626.936,27.176093333333338,0.0071217426666666675,0.02648956666666667,0.023251233333333333,0.008288838000000001,0.023691646666666667,0.002533672,18.393733333333333,37.82373333333333,120.38828000000001,804.6610666666667,147.668,0.21593206666666664,0.1569944,0.07272001333333335,0.34157940000000003,0.08624329333333335
0,16.528453333333335,24.404080000000004,106.04894000000002,643.2625333333334,0.12533645333333335,0.10300490666666666,0.034818560000000005,0.023069886666666668,0.22784913333333334,0.08009046,0.2866572666666667,1664.5033333333333,1988.3366666666668,22.357453333333336,0.007264229333333334,0.02132118666666667,0.019805646666666666,0.012949447333333334,0.024727913333333334,0.002762946,17.810833333333335,33.665713333333336,113.75617333333332,750.9047333333334,0.16813426666666667,0.2382118,0.16256433333333334,0.10766810666666667,0.35543946666666665,0.09375622666666666
0,21.373,23.691646666666667,138.08253333333332,1085.6188666666667,0.12546598666666667,0.10968882666666668,0.07593244,0.06262936666666667,0.19365233333333332,0.07244799333333334,0.43898846666666663,1863.9846666666665,3036.2613333333334,43.49729333333334,0.009400234,0.023380766666666667,0.023730506666666665,0.013380793333333335,0.021942946666666668,0.002591962,23.484393333333333,32.966233333333335,151.81306666666669,1306.9913333333334,0.17331560000000001,0.21748646666666668,0.21541393333333336,0.11817326,0.3101028,0.08379511333333334
0,17.357466666666667,21.9559,110.72509333333335,715.5421333333334,0.10281060666666665,0.07378218666666667,0.028251219999999997,0.01908026,213.73000000000002,0.07384695333333334,0.20518080000000002,0.7932621333333335,1341.9653333333333,17.124306666666666,0.005691694666666667,0.01619166666666667,0.018795286666666668,0.007103608000000001,0.016722753333333333,0.0026865213333333335,19.08026,28.108733333333333,121.45045333333336,859.4536666666667,0.15712393333333333,0.21709786666666667,0.17668346666666668,0.09050493999999999,0.3550508666666667,0.09821217333333333
1,26.476613333333336,28.212360000000004,173.31560000000002,1674.866,0.118523,0.1465022,0.12692971333333333,0.10084170000000002,0.20958493333333336,0.07198167333333334,0.7488322,1.1875616,5463.716,93.83394666666668,0.008041429333333334,0.024689053333333336,0.030764166666666665,0.01892482,0.018717566666666668,0.002468905333333333,31.489553333333333,34.15794,208.80773333333332,2305.693333333333,0.17189073333333335,0.3077712,0.34999906666666664,0.22862633333333335,0.3379524666666667,0.08724069999999999
1,26.165733333333336,34.753793333333334,173.18606666666665,1598.4413333333334,0.12830276666666665,0.2161911333333333,0.2125642,0.16385966666666668,0.24287500000000004,0.07797906666666667,1.2643748666666668,2450.770666666667,9233.136,134.19653333333335,0.010931318,0.060543879999999994,0.07647648,0.03284965333333333,0.04805686666666667,0.0055517986666666665,31.334113333333335,43.79522,207.25333333333333,2164.502,0.16554359999999999,0.44248586666666667,0.4796619333333334,0.2787557333333333,0.4237035333333334,0.09885983999999999
0,15.816020000000002,23.34190666666667,101.43755333333333,593.7808,0.11957222,0.09294016666666666,0.056891040000000004,0.026256406666666666,0.21955900000000003,0.07663192,0.32733073333333335,1.0085465333333332,2427.454666666667,24.05434,0.007555679333333333,0.017979226666666667,0.025906666666666665,0.009180027333333335,0.02510356,0.0025388533333333334,18.510313333333333,31.139813333333333,121.56703333333333,809.0652,0.1772016,281.08733333333333,0.3125639333333333,0.11436497999999999,0.4168382666666666,0.0967614
1,28.121686666666665,22.3445,182.51246666666668,2002.5853333333334,0.12155408000000001,0.11090644000000001,0.15129493333333335,0.10964996666666667,0.22240873333333333,0.06546614666666667,1563.4673333333333,1361.3953333333334,10016.812666666667,290.2842,0.007212416,0.014404106666666666,0.02715018666666667,0.01550514,0.01636006,0.002335486,39.8315,34.24861333333333,258.41900000000004,4071.232666666667,0.17655393333333336,0.21088026666666668,0.3705948666666667,235.7506666666667,325.1286666666667,0.08411894666666668
1,28.51028666666667,28.3678,190.67306666666664,1919.6840000000002,0.13769393333333335,0.2531081333333333,0.3170976,0.19442953333333335,0.23626880000000003,0.07953346666666668,1305.6960000000001,0.9066038,9794.015333333335,168.65239999999997,0.005152836,0.03654135333333333,0.04632112,0.019054353333333333,0.019663160000000002,0.004917085333333334,35.828920000000004,33.4196,252.59,2884.7073333333333,0.16761613333333333,0.503237,0.6160605333333334,0.3150250666666667,0.3550508666666667,0.11106188
1,21.178700000000003,30.168313333333334,141.19133333333335,1088.5981333333334,0.12619137333333333,0.19391139999999998,0.2345848666666667,0.11363959333333334,0.281735,0.08054382666666667,0.5585477333333334,1323.8306666666667,3849.730666666667,58.93766666666667,0.007299203333333334,0.050738206666666674,0.07865264000000001,0.021450719999999996,0.04141180666666667,0.005291436666666666,25.10356,40.19419333333334,167.48660000000004,1509.0633333333335,0.18328966666666666,0.6042730000000001,0.9180027333333333,0.29119093333333335,0.6248688,0.12453334666666667
0,19.676113333333333,17.111353333333337,126.48930000000001,922.0182666666666,0.10314739333333334,0.08981841333333333,0.04395066,0.034417006666666666,0.2229268666666667,0.07181328000000001,0.23095793333333334,0.534325,1733.156,22.953306666666666,0.006492210666666667,0.0192357,0.02009062,0.011858776666666668,0.021334139999999998,0.002288854,20.9844,20.375593333333335,135.36233333333334,1061.0075333333334,0.14585453333333334,0.2249994,0.1764244,0.10593236,0.32214940000000003,0.08764225333333332
1,27.681273333333337,19.559533333333334,183.03060000000002,1795.332,0.12966286666666668,0.19624299999999997,0.25025840000000005,0.16256433333333334,0.2555692666666667,0.08009046,0.4422268,1695.5913333333335,3117.8673333333336,50.59572,0.005733145333333334,0.03465016666666667,0.044520606666666664,0.017396326666666666,0.021696833333333335,0.005656720666666667,29.391113333333337,28.29008,197.02020000000002,1988.3366666666668,0.15440373333333332,367.87466666666666,0.5212421333333334,0.25466253333333333,353.626,0.11225358666666667
1,26.735680000000002,22.474033333333338,174.61093333333335,1729.2700000000002,0.12235718666666667,0.13937786666666666,0.1977974,0.11581575333333334,0.20349686666666666,0.07095836000000001,0.7949460666666668,0.8516816666666666,5335.478,99.76657333333333,0.008045315333333334,0.02454656666666667,0.03472788666666667,0.015958506666666667,0.016528453333333335,0.0022163153333333335,32.86260666666667,30.012873333333335,216.06160000000003,2520.7186666666666,0.20233106666666667,0.39572433333333334,0.5387291333333334,0.2735744,0.34831513333333336,0.09138576666666666
0,17.733113333333332,20.816006666666667,113.78208000000001,750.1275333333334,0.10753857333333333,0.08256454666666667,0.03310872,0.026308220000000004,0.24248640000000002,0.07343244666666666,0.22085433333333337,0.6562158666666668,1777.1973333333335,18.134666666666668,0.0054792600000000006,0.02055694,0.015142446666666668,0.008205936666666669,0.025168326666666668,0.0028199406666666667,19.22274666666667,26.178686666666668,128.44525333333334,868.6505333333334,0.14313433333333334,0.2715018666666667,0.17435186666666666,0.09050493999999999,0.4304392666666667,0.09975362
0,20.945540000000005,20.816006666666667,137.69393333333332,1021.3703333333333,0.12797893333333335,0.18626893333333336,0.08615262,0.06990914,257.77133333333336,0.08512930666666667,0.22603566666666666,633.418,1747.4046666666666,19.31342,0.005841953333333334,0.02347144,0.025271953333333333,0.015492186666666666,0.025051746666666666,0.0047875520000000005,21.981806666666667,24.79268,146.5022,1115.9296666666667,0.15997366666666665,330.31,0.2738334666666667,0.1620462,0.4084186000000001,0.11606186666666667
0,13.691673333333334,26.191639999999996,90.86763333333334,438.2112666666667,0.11752559333333334,215.02533333333335,295.336,0.07695575333333333,0.28341893333333334,0.10945566666666667,0.14442966666666668,1594.5553333333335,3060.8726666666666,9362.669333333333,0.011009037999999999,0.09900232666666665,0.1988336666666667,0.03781078,0.020945540000000002,0.015803066666666667,14.054366666666667,29.559506666666667,99.10595333333335,455.82779999999997,0.1480566,0.4687811333333334,781.0860000000001,0.18976633333333334,0.33639806666666666,0.15544
0,17.43518666666667,36.54135333333333,111.25618000000001,728.1068666666666,0.09737020666666667,0.06121745333333334,0.016463686666666668,0.014468873333333333,0.1840668666666667,0.07465006,0.2187818,1.4896333333333331,1.8134666666666666,19.31342,0.006401537333333335,0.015582860000000002,0.009725362666666666,0.006708531333333333,0.018678706666666666,0.0021813413333333334,19.028446666666667,46.15272666666667,125.78982,881.6038666666667,0.14352293333333332,0.18873006666666667,0.10277174666666666,0.07488322,0.34896279999999996,0.09146348666666669
0,17.694253333333332,19.6243,114.33907333333333,752.0705333333334,0.10709816000000001,0.09777176,0.05503871333333333,0.03200768666666667,0.23212373333333333,0.07638580666666667,0.18160573333333332,0.7016820666666667,1426.162,14.702033333333333,0.006751277333333333,0.03865274666666667,0.031644993333333336,0.010823805333333334,0.023549160000000003,0.006305682666666666,18.834146666666665,25.44034666666667,126.89085333333333,851.034,0.16515500000000002,0.4020714666666667,0.33277113333333336,0.13652813333333333,0.4387294,0.12484422666666667
1,14.352293333333334,24.391126666666665,94.94793333333332,468.3925333333334,0.15751253333333334,0.2790148,0.2187818,0.08247387333333335,0.28445519999999996,0.102979,0.2738334666666667,1330.3073333333334,2226.6780000000003,18.121713333333336,0.009591943333333334,0.058924713333333344,0.05942989333333334,0.017344513333333336,0.022512893333333336,0.005744803333333333,17.150213333333333,42.512840000000004,118.85978666666666,658.1588666666668,0.2829008,1.2148931333333333,1.0883390666666666,0.3269421333333334,0.5380814666666667,0.1817352666666667
0,14.598406666666667,16.78752,94.76658666666667,500.3872666666667,0.16023273333333335,0.14391153333333334,102.33133333333335,0.071891,0.2613982666666667,0.08955934666666666,0.3318644,1.2769396000000002,2343.2580000000003,20.777146666666667,0.008594536666666668,0.023018073333333333,0.027214953333333333,0.015077680000000001,0.02730562666666667,0.004819935333333333,16.63208,26.593193333333335,110.01266000000003,616.7082,208.5486666666667,0.31463646666666667,0.2910614,0.17072493333333336,0.43302993333333334,0.11936496666666667
0,14.30048,19.33932666666667,91.54120666666667,482.77073333333334,0.10345827333333334,0.09169664666666667,0.04593252,0.026865213333333336,0.2594552666666667,0.08090652,0.21269373333333333,1335.4886666666669,1659.3220000000001,15.129493333333334,0.006860085333333334,0.024650193333333334,0.02231859333333333,0.00901552,0.024352266666666667,0.0025142420000000003,15.660580000000001,26.981793333333332,103.27692666666667,579.1435333333334,0.14183900000000002,0.2567350666666666,0.20116526666666668,0.08748681333333334,0.4147657333333333,0.09439094000000002
0,15.608766666666668,29.429973333333333,102.00750000000001,580.0502666666667,0.08983136666666668,0.1389892666666667,0.10288832666666668,0.03857502666666667,0.1558286,0.08625624666666666,0.15466280000000002,1857.508,2303.1026666666667,12369.138,0.006531070666666666,0.05906720000000001,0.055764100000000004,0.02159320666666667,0.03199473333333334,0.009531062666666668,16.28234,37.189020000000006,113.16032,632.6408,0.11397638,0.41632013333333334,0.3772010666666667,0.1414504,0.28380753333333336,0.12110071333333335
0,16.049180000000003,22.64242666666667,104.45568000000002,599.6098000000001,0.13497373333333335,0.16800473333333335,0.07632104,0.0373056,0.2304398,0.08533655999999999,0.3378229333333333,1130.826,2742.2206666666666,24.8704,0.008698163333333333,0.0479921,0.06161900666666667,0.013613953333333333,0.023808226666666668,0.008917074666666667,18.367826666666666,29.96106,123.35459333333334,777.8476666666667,0.18484406666666667,0.46541326666666666,0.41528386666666667,0.12699448,0.3651544666666666,0.14481826666666667
0,17.202026666666665,17.771973333333335,111.12664666666667,701.8116,0.10832872666666667,0.11107483333333334,0.06576407333333334,0.037098346666666664,0.20945540000000004,0.07246094666666666,0.23743459999999997,0.6875629333333334,2062.170666666667,19.766786666666665,0.0055323686666666665,0.02685226,0.03663202666666667,0.010968882666666667,0.01892482,0.003384706,18.44554666666667,22.49994,125.11624666666667,807.8994000000001,0.15103586666666666,0.3477970000000001,0.37124253333333335,0.11882092666666667,0.3544032,0.09481840000000001
1,18.911866666666665,30.168313333333334,121.72247333333333,861.0080666666668,0.11246083999999999,0.08595832000000002,0.10867846666666668,0.06827702000000001,0.21075073333333336,0.07015525333333333,0.5384700666666667,2107.5073333333335,3774.6013333333335,42.75895333333333,0.010766810666666668,0.02256470666666667,0.04389884666666668,0.020414453333333336,0.022538799999999998,0.003718902,20.453313333333334,41.07502,132.38306666666668,982.1217333333334,0.16994773333333335,0.20479219999999998,0.3465016666666667,0.1760358,0.32085406666666666,0.08854898666666668
0,15.816020000000002,18.251246666666667,102.04636,598.4440000000001,0.10502562666666666,0.10133392666666667,0.08858784666666668,0.032823746666666674,0.21321186666666667,0.07971481333333333,0.34533586666666666,1.0762924666666667,2716.314,25.854853333333335,0.005705943333333334,0.03919678666666667,0.056269280000000005,0.014080273333333332,0.024883353333333334,0.005987030666666667,17.007726666666667,24.98698,113.53596666666668,686.3971333333334,0.1329012,0.31489553333333337,0.3984445333333333,0.11839346666666667,0.34676073333333335,0.11430021333333334
0,17.97922666666667,20.93258666666667,114.46860666666667,772.7958666666667,0.09101012000000001,0.06257755333333333,0.02648956666666667,0.011019400666666667,0.20816006666666667,0.07090654666666667,0.3291442,0.8054382666666667,2213.7246666666665,29.94810666666667,0.004829002666666667,0.018328966666666665,0.025751226666666665,0.009088058666666668,0.021334139999999998,0.002551806666666667,20.09062,25.867806666666667,129.09292,965.4119333333333,0.10989608000000001,0.1597146,0.14132086666666668,0.05876927333333334,0.3292737333333333,0.08578992666666667
0,14.598406666666667,20.07766666666667,95.05156,507.7706666666667,0.10835463333333334,0.14430013333333333,0.13044006666666666,0.03571234,234.45533333333333,0.09393757333333334,0.4281076666666667,1382.1206666666667,3327.711333333333,29.753806666666666,0.01344556,0.08638578000000001,0.12269397333333333,0.02651547333333333,0.01579011333333333,0.015971460000000003,15.595813333333332,24.520660000000003,103.27692666666667,582.9,0.14274573333333335,0.36385913333333336,0.3913202,0.10714997333333333,0.2794034,0.1351032666666667
1,25.323766666666668,30.06468666666667,166.96846666666667,1520.7213333333332,130.82866666666666,0.17072493333333336,0.24041386666666664,0.13225353333333334,0.2576418,0.07621741333333333,0.7910600666666667,3673.5653333333335,6972.779333333333,90.80286666666666,0.014559546666666668,0.05306980666666666,0.09674844666666667,0.04457242,0.035854826666666666,0.00808288,26.96884,39.42994666666667,183.93733333333333,1700.7726666666667,0.1620462,0.3126934666666667,0.4959831333333334,0.23639833333333335,0.33367786666666666,0.09847124000000002
0,13.29012,15.828973333333336,85.16816666666666,416.57920000000007,0.12948152,0.09769404,0.024909260000000003,0.02549216,0.23316,0.08509044666666667,0.2475382,0.7094540666666665,1746.1093333333336,15.38856,0.007360084,0.0176813,0.011005151999999999,0.008975364666666668,0.02510356,0.0030712353333333334,14.740893333333334,20.271966666666668,94.85726000000001,511.009,0.1739632666666667,213.73000000000002,0.11159296666666668,0.08673552000000001,0.38043940000000004,0.10002564000000001
0,11313.441333333334,21.813413333333333,71.59307333333334,303.4966,0.13458513333333336,0.09621735999999999,0.0,0.0,0.2571236666666667,0.09194276000000001,0.6695578000000001,2692.998,4102.3206666666665,37.37036666666667,0.020492173333333336,0.025466253333333338,0.0,0.0,0.02415796666666667,0.008725365333333334,13.173540000000001,29.533600000000003,82.91428666666668,410.6206666666667,189.11866666666666,169.68866666666668,0.0,0.0,0.316709,0.11483130000000001
1,20.064713333333334,25.867806666666667,132.64213333333336,964.6347333333334,150.25866666666667,0.20233106666666667,0.24494753333333333,0.11804372666666668,0.2498698,0.08735728,838.0806666666667,1724.0886666666668,6055.683333333333,86.67075333333332,0.009415778000000001,0.03792736,0.06440397333333334,0.02123051333333333,0.023989573333333333,0.005481850666666666,27.461066666666667,38.095753333333334,184.06686666666667,1760.3580000000002,0.21774553333333335,0.5068639333333333,0.7192986,0.27474020000000005,0.41282273333333336,0.13199446666666667
1,27.992153333333334,28.86002666666667,187.04613333333336,1822.5339999999999,0.1511654,0.27033606666666665,363.9886666666667,0.20233106666666667,0.2800510666666667,0.08556972,0.8085470666666666,1.1928724666666668,5385.996,104.90904666666665,0.006755163333333334,0.04826412,0.06111382666666667,0.016683893333333335,0.02648956666666667,0.005217602666666667,33.976593333333334,37.22788,222.79733333333334,2695.588666666667,0.19455906666666667,0.7405420666666668,0.9135986000000001,0.31372973333333337,0.4958536,0.13044006666666666
0,15.673533333333333,22.953306666666666,101.12667333333333,577.9777333333333,0.1332898,0.12639862666666665,0.061955793333333335,0.04308278666666667,0.2509060666666667,0.07980548666666666,0.36800420000000006,2139.8906666666667,2420.978,28.782306666666667,0.010551785333333334,0.021126886666666667,0.023872993333333332,0.009731839333333334,0.02610096666666667,0.0023290093333333335,17.56472,33.4196,114.41679333333333,724.739,0.18549173333333333,0.22966260000000002,0.20764193333333333,0.08116558666666666,0.39494713333333337,0.09172255333333333
0,18.212386666666667,22.25382666666667,116.25616666666667,788.9875333333334,0.10420956666666666,0.06944282,0.03472788666666667,0.042111286666666664,0.2125642,0.07466301333333333,0.19481813333333334,2182.6366666666668,1602.3273333333334,16.411873333333336,0.006957235333333333,0.016489593333333333,0.014663173333333335,0.011858776666666668,0.02226678,0.0018704613333333333,19.326373333333333,32.82374666666667,124.89604000000001,886.6556666666667,0.13808253333333334,0.15945553333333334,0.1095852,0.10247382000000001,0.32681260000000006,0.08560857999999999
0,17.499953333333334,24.468846666666668,114.11886666666668,722.9255333333334,0.1371758,0.14857473333333335,0.1111396,0.06970188666666667,0.23393720000000004,0.07874331333333333,0.2766832,1725.384,1959.8393333333333,24.98698,0.007049204,0.025349673333333336,0.04279781333333333,0.017707206666666666,0.017033633333333336,0.0031917013333333335,19.170933333333334,35.233066666666666,126.07479333333333,874.6090666666668,0.18497360000000004,332.90066666666667,0.4453356,0.18821193333333333,0.34533586666666666,0.09955932
0,16.58026666666667,22.616520000000005,107.57743333333333,658.4179333333334,0.10419661333333334,0.1152199,0.09572513333333332,0.05288846,0.2038854666666667,0.07448166666666667,0.4713718,1638.5966666666666,3455.9493333333335,39.59834,0.007022001999999999,0.04503874,0.0588729,0.017927413333333333,0.02420978,0.0052681206666666675,17.797880000000003,27.279719999999998,117.51263999999999,765.542,0.12349708,0.2347144,0.24624286666666664,0.10746085333333334,0.25751226666666666,0.09135986
0,14.326386666666666,19.209793333333334,91.07488666666667,489.89506666666665,0.10027175333333334,0.061761493333333334,0.03512944,0.009385985333333334,0.1988336666666667,0.08049201333333333,0.24028433333333332,0.8913188666666668,1636.006,16.81342666666667,0.005516824666666666,0.019028446666666667,0.02512946666666667,0.005398949333333333,0.015427420000000002,0.0045815940000000005,16.424826666666664,26.360033333333334,104.64998000000001,643.3920666666667,145.07733333333334,0.24339313333333334,0.26929980000000003,0.07196872,335.49133333333333,0.11862662666666667
0,15.284933333333335,22.357453333333336,97.48678666666667,559.4544666666667,0.11770694000000002,0.08072517333333333,0.03695586,0.02121756,0.23924806666666668,0.07796611333333334,0.4453356,1.47668,2882.116666666667,32.46105333333333,0.007076406,0.02544034666666667,0.026929980000000003,0.006992209333333333,0.019132073333333336,0.0039779686666666664,17.422233333333335,31.72271333333333,111.39866666666667,727.9773333333334,0.16113946666666668,0.22357453333333335,0.18769380000000002,0.06937805333333334,0.3599731333333333,0.10519402000000001
1,23.19942,27.227906666666666,161.13946666666666,1287.5613333333333,159.326,0.33367786666666666,0.41308180000000005,0.15518093333333335,0.2737039333333333,0.09216296666666668,522.0193333333333,1.0034947333333335,4045.3260000000005,53.769286666666666,0.009273291333333334,0.04816049333333333,0.0798573,0.013613953333333333,0.020608753333333334,0.006604904666666667,26.942933333333333,35.98436,193.78186666666667,1689.1146666666666,0.24261593333333334,0.7664487333333333,1.1702041333333333,0.25440346666666663,0.42033566666666666,0.15518093333333335
0,15.453326666666667,14.132086666666668,98.62668000000001,573.4440666666667,0.11492197333333333,0.06790137333333333,0.033756386666666666,0.02326418666666667,0.20738286666666664,0.07177442,0.32668306666666663,1353.6233333333334,2136.0046666666667,24.546566666666667,0.007998683333333334,0.015595813333333333,0.017823786666666667,0.007554384000000001,0.014196853333333334,0.002405434,17.875600000000002,26.088013333333336,113.52301333333334,763.599,0.1779788,0.20401500000000003,0.1961134666666667,0.08906712,318.652,0.09406710666666668
0,16.78752,23.691646666666667,109.04116,680.3090666666668,0.09521995333333334,0.10231838,0.05255167333333333,0.024391126666666665,0.24274546666666671,0.07641171333333334,0.30531006666666666,1682.638,3104.914,26.178686666666668,0.004700764666666667,0.04809572666666667,0.04471490666666667,0.013795300000000002,0.03409317333333333,0.00479921,18.303060000000002,31.878153333333334,124.75355333333334,805.5677999999999,0.12084164666666668,0.3002582666666667,0.20777146666666665,0.08559562666666666,0.4154134,0.09387280666666668
0,16.761613333333333,20.945540000000005,107.74582666666669,657.5112,0.12796598,0.11445565333333334,0.04269418666666667,0.03095846666666667,0.22474033333333332,80.31066666666668,0.18885960000000002,1172.2766666666666,1.292095,14.714986666666666,0.0037396273333333333,0.016645033333333333,0.020893726666666668,0.009466296,0.024222733333333333,0.002554397333333333,17.95332,29.818573333333333,116.17844666666667,752.4591333333333,0.15181306666666666,0.2536262666666667,234.45533333333333,0.10865256,0.4270714,0.10147641333333335
0,15.984413333333334,19.365233333333332,101.41164666666668,607.6408666666667,0.11246083999999999,0.05920968666666667,0.027318580000000005,0.026606146666666667,0.20349686666666666,0.07393762666666666,0.49650126666666666,1.1759036,3370.4573333333337,39.0543,0.009976657333333333,0.010998675333333334,0.016930006666666667,0.013341933333333333,0.0384714,0.0018549173333333334,17.072493333333334,21.82636666666667,108.95048666666668,690.5422,0.13575093333333335,0.08735728,0.06374335333333334,0.06208532666666667,0.29766760000000003,0.07738321333333334
0,14.170946666666666,24.080246666666667,91.17851333333334,479.2733333333333,0.13005146666666667,0.09663186666666668,0.06404127999999999,0.03797917333333333,0.19248653333333335,0.0856863,0.4917085333333333,2257.766,3909.3160000000003,33.39369333333334,0.012330278,0.027642413333333338,0.025777133333333337,0.0149611,0.026929980000000003,0.003498695333333333,16.062133333333335,33.13462666666667,107.20178666666668,611.9154666666667,0.17655393333333336,0.21295279999999997,0.18290106666666664,0.10216294,0.29157953333333336,0.10015517333333333
0,20.90668,19.248653333333333,135.10326666666666,1036.2666666666667,0.1229919,0.11011628666666667,71.24333333333334,0.05865269333333334,0.22474033333333332,0.07610083333333333,0.30919606666666666,0.8253864000000001,2239.6313333333333,28.277126666666664,0.005126929333333333,0.016139853333333332,0.023717553333333335,0.011330280666666666,19.43,0.0020997353333333337,22.940353333333334,25.362626666666667,150.12913333333333,1227.8464666666666,0.1562172,0.22305640000000002,299.22200000000004,0.14624313333333333,0.3598436,0.09082877333333333
0,16.645033333333334,27.681273333333337,107.03339333333332,666.449,0.09781062,0.10771992000000001,0.07935212000000001,0.02418387333333333,204.6626666666667,0.07919668,0.6467599333333334,2329.0093333333334,3305.690666666667,53.41954666666667,0.007786248666666666,0.05803093333333333,0.0670335,0.01737042,0.034572446666666666,0.010014222000000001,18.652800000000003,34.98695333333334,118.69139333333334,836.5262666666666,0.12178724000000002,0.25077653333333333,0.23808226666666665,0.07255162,0.32227893333333335,0.10558262
1,23.303046666666663,26.76158666666667,152.59026666666668,1284.5820666666668,0.13419653333333334,0.16891146666666665,0.15556953333333334,0.11430021333333334,0.2580304,0.07861378000000001,0.5876927333333334,1.1312146,3965.0153333333333,64.52055333333334,0.009366555333333334,0.035906640000000004,0.03249991333333333,0.019170933333333334,0.018316013333333336,0.004321232,27.305626666666665,32.91442,178.88553333333334,1747.4046666666666,0.1919684,0.48380700000000004,0.4275895333333333,0.2556988,396.372,0.11014219333333332
0,15.893740000000001,23.212373333333336,101.56708666666667,603.7548666666668,0.1124997,0.08453345333333334,0.041593153333333334,0.034365193333333335,0.25466253333333333,0.07249980666666667,0.4329004,2306.9886666666666,2692.998,33.40664666666667,0.007626922666666667,0.0299222,0.026670913333333334,0.013924833333333332,0.033393693333333335,0.0029365206666666665,18.2642,37.40922666666667,115.28466666666667,790.4124,160.62133333333335,0.23251233333333332,0.17836739999999998,0.12347117333333334,0.4475376666666666,0.08932618666666665
0,14.714986666666666,22.759006666666668,93.89871333333333,517.8742666666667,0.11474062666666668,0.06882106,0.03604912666666667,27.202,0.20738286666666664,0.07659306,0.24818586666666667,2014.2433333333336,1760.3580000000002,17.694253333333332,0.006983142,0.012884680666666667,0.015064726666666667,0.007606197333333333,0.01737042,0.0021489580000000003,16.904100000000003,47.046506666666666,110.19400666666667,675.2572666666666,0.18821193333333333,0.21010306666666667,0.2345848666666667,0.11266809333333333,0.3851026,0.10032356666666668
0,14.30048,21.800459999999998,91.86504000000001,483.4184,0.1395074,0.10108781333333333,0.03945585333333334,0.032124266666666665,0.22202013333333334,0.08212413333333334,0.2547920666666667,1796.6273333333336,1738.3373333333332,17.538813333333334,0.006681329333333334,0.012117843333333335,0.01367872,0.009692979333333334,0.02225382666666667,0.0028471426666666667,16.075086666666667,34.24861333333333,103.53599333333335,610.6201333333333,0.1773311333333333,0.1919684,0.13821206666666666,0.09625622,0.38834093333333336,0.10208522000000002
0,12172.247333333333,28.082826666666666,77.39616666666667,348.1856,0.10322511333333334,0.07840652666666667,0.0483807,0.006642469333333334,0.1650254666666667,0.08709821333333333,0.15362653333333334,1531.084,1520.7213333333332,8810.857333333333,0.007143763333333334,0.03463721333333333,0.0483807,0.006642469333333334,0.025271953333333333,0.005936512666666668,12907.996666666666,36.25638,86.28215333333333,389.8953333333334,0.1406732,0.24442940000000002,0.24196826666666668,0.03321234666666666,0.3077712,0.11924838666666666
0,19.417046666666668,28.63982,126.33386,898.5727333333334,0.11029763333333335,0.13277166666666665,0.08884691333333333,0.05020712,0.2518128,0.07659306,0.41269320000000004,1730.5653333333332,2.99222,36.92995333333334,0.005762938,0.03637296,0.04290143999999999,0.015492186666666666,0.024689053333333336,0.005200763333333334,21.70978666666667,40.86776666666667,142.74573333333333,1123.1835333333333,0.1395074,0.43328900000000004,0.4033668000000001,0.16942959999999999,0.40971393333333334,0.11983128666666666
1,19.598393333333334,38.613886666666666,125.27168666666665,931.9923333333332,0.10777173333333333,0.059650100000000005,0.06069932,0.035479180000000006,0.23989573333333336,0.06857494666666668,0.6063455333333334,2107.5073333333335,3941.6993333333335,58.78222666666667,0.008848422,0.018484406666666665,0.03224084666666666,0.011770694,0.04081595333333334,0.0022668333333333334,22.357453333333336,47.81075333333333,142.6162,1206.4734666666666,0.14870426666666667,0.12779758666666666,0.20038806666666667,0.08516816666666667,0.41878126666666665,0.0798573
0,15.401513333333334,27.422206666666668,98.95051333333333,561.9156,0.12659292666666666,0.10518106666666666,0.03309576666666667,0.028225313333333335,0.26152780000000003,0.08147646666666666,0.35582806666666666,1558.286,2.4999933333333333,25.29786,0.012817323333333332,0.03954652666666667,0.02111393333333333,0.012015511999999999,0.029248626666666666,0.0029429973333333337,16.904100000000003,35.24602,110.21991333333334,677.3298,0.18471453333333335,0.2832894,0.15077680000000002,0.10703339333333334,0.398315,0.09521995333333334
0,12182.61,28.108733333333333,77.20186666666667,351.2944,0.13523280000000001,0.07977958,0.02651547333333333,0.01628234,0.262305,0.08550495333333334,0.5572524,3727.969333333333,3573.824666666667,32.60354,0.019093213333333334,0.021683880000000003,0.017707206666666666,0.011235721333333332,0.03942994666666667,0.00594558,14.054366666666667,40.466213333333336,89.02826,465.5428,0.1976678666666667,0.15453326666666667,0.07954641999999999,0.04883406666666667,0.3720197333333333,0.10756448
1,20.07766666666667,27.305626666666665,133.2898,1040.2822,145.07733333333334,0.20349686666666666,0.19714973333333333,0.10985721999999999,0.270077,0.08891168,1.7746066666666669,1571.2393333333332,12207.221333333335,228.62633333333335,0.010619142666666666,0.05037551333333334,0.05819932666666666,0.027707179999999998,0.026139826666666668,0.007532363333333333,30.012873333333335,35.81596666666667,203.49686666666665,2264.2426666666665,0.19650206666666667,0.5183924000000001,0.5454648666666667,0.2764241333333333,0.3889886,0.13575093333333335
0,16.450733333333332,15.764206666666666,104.76655999999998,641.19,0.11379503333333334,0.07505161333333334,0.030569866666666667,0.031113906666666667,0.20505126666666665,0.08128216666666667,0.2918386,0.8363967333333334,1977.9740000000002,22.49994,0.007941688666666667,0.01636006,0.011755149999999999,0.010661888666666668,0.02218906,0.005717601333333333,17.6813,21.917040000000004,114.14477333333333,734.3244666666666,0.1702068,0.20816006666666667,0.12156703333333334,0.10652821333333333,0.359455,0.12259034666666667
0,14.45592,27.73308666666667,91.90390000000001,492.6152666666667,0.13186493333333335,0.07743502666666667,0.01159971,0.013937786666666667,0.20919633333333335,0.07958528000000001,0.37111299999999997,2173.5693333333334,2549.216,24.598379999999995,0.008948162666666667,0.012230537333333335,0.009031064,0.007977958,0.034896279999999995,0.0026683866666666668,16.01032,37.461040000000004,102.66812,593.2626666666666,0.16606173333333335,0.14352293333333332,0.04639884,0.05577705333333333,0.3854912,0.09226659333333333
0,14.987006666666668,24.663146666666666,96.11373333333334,530.6980666666667,0.11069918666666667,0.10002564000000001,0.07104903333333333,0.01849736,0.2630822,0.08117854000000001,0.37098346666666665,1.86528,2857.505333333333,26.295266666666667,0.009427435999999999,0.02651547333333333,0.05760347333333334,0.011397638,0.024196826666666667,0.004325118,16.930006666666667,34.94809333333334,111.95566000000001,674.221,0.16178713333333333,0.2509060666666667,331.60533333333336,0.08632101333333335,0.39313366666666666,0.10730541333333334
0,19.028446666666667,18.10876,127.22764000000001,849.8682,0.13354886666666668,0.2378232,187.82333333333335,81.60600000000001,0.2702065333333334,0.09593238666666666,0.7075110666666667,1957.2486666666666,6211.123333333333,64.05423333333334,0.012922245333333334,0.06792728,0.06836769333333334,0.02046626666666667,0.034365193333333335,0.007051794666666666,21.32118666666667,23.75641333333333,147.79753333333335,1048.1837333333335,0.16994773333333335,0.47085366666666667,0.41696780000000006,0.14352293333333332,0.36619073333333335,0.11927429333333334
0,15.03882,20.75124,97.74585333333333,528.7550666666667,0.14093226666666667,0.15129493333333335,0.09192980666666667,0.05825114000000001,0.24429986666666667,0.08186506666666668,0.3181338666666667,0.9506451333333333,2159.320666666667,20.58284666666667,0.0076217413333333345,0.025971433333333332,0.03408022,0.016891146666666666,0.023937760000000002,0.0025673506666666662,16.373013333333336,25.47920666666667,106.12666000000002,616.1900666666667,0.18328966666666666,281.08733333333333,0.2981857333333333,0.14313433333333334,0.3610094,0.09620440666666667
0,17.694253333333332,24.779726666666665,115.88051999999999,745.2052666666667,0.11731834000000001,0.14857473333333335,0.12509034,0.06233144000000001,0.2393776,0.08006455333333333,0.2906728,1159.3233333333335,2336.7813333333334,25.077653333333334,0.005155426666666667,0.03638591333333333,0.04752578,0.016502546666666666,0.020479220000000003,0.005124338666666667,19.611346666666666,33.031,131.3468,918.1322666666666,0.14857473333333335,0.4102320666666666,474.09200000000004,0.1822534,0.35543946666666665,0.11449451333333333
0,12619.137333333334,24.766773333333333,80.21999333333333,375.2580666666667,0.13924833333333334,0.10794012666666668,0.011572508,0.025479206666666667,0.32875560000000004,0.09104898,0.9021996666666667,2262.9473333333335,5967.600666666666,56.37290666666667,0.016930006666666667,0.024417033333333334,0.007799202000000001,0.013626906666666667,40.15533333333334,0.0054727833333333325,14.520686666666668,30.012873333333335,92.99198000000001,493.3924666666667,0.18108760000000002,0.17512906666666664,0.0270077,0.05944284666666667,0.41398853333333335,0.10374324666666666
0,12.992193333333333,27.564693333333338,81.85211333333334,398.05593333333337,0.10514220666666668,0.05067344000000001,0.003199473333333333,0.006682624666666668,211.13933333333333,0.08340651333333333,0.2397662,1737.0420000000001,1533.6746666666668,15.025866666666666,0.007414488,0.007379514,0.0026865213333333335,0.004568640666666667,0.018717566666666668,0.0031230486666666665,14.391153333333333,37.48694666666667,90.56970666666668,487.4339333333334,0.14585453333333334,0.09189094666666668,0.01599736666666667,0.03340664666666667,0.3042738,0.10441682000000001
0,13.575093333333335,19.404093333333336,87.42204666666667,432.12320000000005,0.12714992,0.13121726666666667,0.08205936666666667,0.028730493333333332,0.24935166666666667,0.08957230000000001,0.42435120000000004,1459.8406666666667,3321.2346666666667,26.904073333333333,0.009538834666666668,0.05009054000000001,0.06817339333333335,0.016373013333333335,0.027992153333333335,0.006256460000000001,15.712393333333337,27.940340000000003,105.45308666666666,570.4648,0.17189073333333335,0.3880818666666666,0.3806984666666667,0.12059553333333334,391.1906666666667,0.12494785333333334
0,13.989600000000001,28.47142666666667,89.10598,466.1904666666667,0.11400228666666667,0.07439099333333334,0.046813346666666665,0.01818648,0.2611392,0.07742207333333333,0.3985740666666666,2099.7353333333335,2.901546666666667,26.165733333333336,0.008475366,0.02782376,0.03874342,0.013536233333333333,0.02388594666666667,0.0034844466666666667,16.528453333333335,41.50248,108.40644666666667,634.0656666666667,0.16878193333333333,0.21968853333333335,0.24961073333333336,0.09695569999999999,0.38406633333333334,0.09924844
0,14.417060000000001,21.528440000000003,91.28214000000001,493.65153333333336,0.10558262,0.04966308,0.017733113333333335,0.017746066666666668,0.1957248666666667,0.07963709333333334,0.18328966666666666,1.2527168666666666,1253.8826666666666,12569.914666666666,0.007620446,0.008112672666666668,0.012173542666666667,0.008016818,0.026023246666666666,0.0030790073333333335,15.129493333333334,26.282313333333335,96.30803333333334,545.4648666666667,133.41933333333336,0.08055678000000001,0.059326266666666676,0.05238328,0.3086779333333334,0.09174846000000002
0,16.47664,22.888540000000003,104.89609333333334,649.3506000000001,0.10227952000000001,0.058574973333333336,0.018160573333333332,0.02376936666666667,0.18898913333333334,0.07181328000000001,0.38264146666666665,1.1445565333333334,2731.858,30.103546666666663,0.009503860666666667,0.015207213333333336,0.006972779333333332,0.0072836593333333345,0.02512946666666667,0.0015284933333333335,17.901506666666666,27.15018666666667,115.11627333333335,760.1016,0.1383416,0.12441676666666666,0.04493511333333333,0.046787440000000007,0.2804396666666667,0.07804383333333333
1,19.30046666666667,29.18386,132.25353333333334,887.3033333333334,0.12884680666666667,0.2882116666666667,0.3540146,0.12578982000000002,0.26437753333333336,0.08935209333333333,327.71933333333334,1.1332871333333334,4489.625333333333,31.334113333333335,0.009021996666666667,0.08047906,0.10266811999999999,0.028937746666666667,0.019417046666666667,0.007492208,21.178700000000003,35.712340000000005,162.43480000000002,1078.6240666666667,0.1838078,918.3913333333334,1.1682611333333335,0.320595,0.37124253333333335,0.14961100000000002
0,16.062133333333335,22.901493333333335,105.53080666666666,605.9569333333334,0.13652813333333333,0.17046586666666666,0.10027175333333334,0.036256380000000005,0.2345848666666667,0.09199457333333333,0.22888540000000002,1.8911866666666668,2854.914666666667,19.986993333333334,0.012953333333333332,0.04268123333333334,0.06296615333333334,0.01511654,0.02832894,0.007778476666666667,16.683893333333334,29.676086666666667,116.07482,668.1329333333333,187.82333333333335,0.34054313333333336,0.31126860000000006,0.09546606666666667,0.33108719999999997,0.12123024666666667
1,26.139826666666668,25.310813333333332,173.31560000000002,1619.1666666666667,0.14676126666666667,0.19287513333333337,0.2762946,0.16308246666666668,0.22331546666666668,0.07840652666666667,0.5610088666666667,1296.6286666666667,3896.3626666666664,67.99204666666667,0.011770694,0.0351683,0.07183918666666668,0.024740866666666667,0.03174862,0.00518781,28.536193333333333,32.47400666666667,189.11866666666666,1915.798,0.215673,0.38108706666666675,0.6875629333333334,0.2814759333333333,0.3927450666666667,0.10459816666666667
1,24.378173333333336,28.45847333333333,160.23273333333336,1437.82,0.13186493333333335,0.1799218,0.20647613333333334,0.11326394666666667,0.2516832666666667,0.07942984,1.0610075333333333,2501.288666666667,5819.932666666667,134.58513333333335,0.010458521333333333,0.052953226666666665,0.06892468666666667,0.023756413333333334,0.030867793333333334,0.005848430000000001,29.352253333333334,40.064659999999996,188.21193333333335,2076.4193333333333,180.05133333333333,0.44857393333333334,0.5067344,0.22124293333333334,0.38950673333333335,0.10769401333333334
0,19.248653333333333,21.94294666666667,122.91418,872.6660666666668,0.11559554666666667,0.09163188,0.043341853333333326,0.03726674,0.20375593333333333,0.07387286,0.3922269333333334,0.8656712666666667,2088.077333333333,30.984373333333338,0.007455938666666666,0.0215673,0.01892482,0.010726655333333335,0.02009062,0.0028082826666666664,21.126886666666667,26.606146666666664,132.5126,1007.1216666666668,0.1577716,200.77666666666667,158.0306666666667,0.10325102000000001,0.3270716666666667,0.08843240666666667
1,18.10876,25.414440000000003,118.03077333333334,776.5523333333334,137.30533333333332,0.14676126666666667,0.14585453333333334,0.08371739333333335,0.2161911333333333,0.08476661333333334,0.28600960000000003,1.2348412666666668,2075.1240000000003,24.417033333333336,0.006883401333333334,0.02319942,0.028303033333333335,0.012392454000000002,0.015841926666666666,0.0036865186666666665,22.07248,39.89626666666667,147.53846666666666,1126.0332666666666,0.20893726666666668,0.46217493333333337,0.5270711333333333,0.23665740000000002,0.4117864666666667,0.13665766666666665
0,16.670939999999998,25.310813333333332,107.08520666666668,659.5837333333333,0.11834165333333334,0.10211112666666666,0.02327714,0.027072466666666666,0.24106153333333333,0.08221480666666667,0.4747396666666667,0.9964999333333333,3363.980666666667,34.32633333333333,0.0076554200000000005,0.01764244,0.009152825333333335,0.008422257333333334,0.02879526,0.0030803026666666664,18.717566666666666,31.580226666666665,123.23801333333334,812.0444666666667,0.15725346666666665,0.2139890666666667,0.09231840666666667,0.08269407999999999,0.42914393333333334,0.10019403333333333
0,18.18648,20.699426666666668,116.29502666666667,791.7077333333335,0.10955929333333335,0.07635990000000001,0.045777080000000005,0.03813461333333334,0.22202013333333334,0.07639876,0.5041437333333333,1354.9186666666667,3424.8613333333337,42.409213333333334,0.010331578666666667,0.016774566666666667,0.02082896,0.011717585333333334,0.025971433333333332,0.0036657933333333337,20.284920000000003,27.95329333333333,131.08773333333335,971.5,0.15479233333333334,0.16217573333333335,0.14468873333333335,0.09654119333333333,0.3529783333333334,0.09370441333333335
0,17.940366666666666,25.38853333333334,114.87016000000001,767.6145333333334,0.11248674666666668,0.0819946,0.017383373333333334,0.029701993333333333,0.20142433333333334,0.07348426000000001,0.44287446666666663,2173.5693333333334,3019.422,38.38072666666667,0.007559565333333334,0.0141839,0.0075284773333333345,0.009117851333333335,0.026088013333333337,0.003012945333333333,20.246060000000003,36.28228666666667,130.69913333333335,970.3342000000001,0.14481826666666667,0.14779753333333331,0.06156719333333333,0.07629513333333333,0.3255172666666667,0.08952048666666668
0,18.160573333333335,20.284920000000003,116.04891333333335,785.6196666666666,0.10318625333333332,0.07229255333333333,0.027033606666666668,0.03435224,0.20582846666666668,0.07235732,0.2774604,0.8483138000000001,2080.3053333333332,24.93516666666667,0.006265527333333334,0.011966289333333333,0.011933906000000001,0.013937786666666667,0.015168353333333334,0.0027253813333333334,19.31342,25.012886666666663,125.03852666666667,892.3551333333334,0.13393746666666667,0.1317354,0.08108786666666667,0.10642458666666667,0.2766832,0.08691686666666669
0,14.209806666666667,22.279733333333336,92.91426000000001,481.21633333333335,0.11547896666666667,0.1441706,0.12249967333333334,0.046800393333333336,0.19287513333333337,0.08601013333333334,0.3334188,1782.3786666666667,3634.7053333333333,23.5103,0.01109453,0.06007756,0.08328993333333333,0.02290149333333334,0.019637253333333334,0.006445578666666668,16.01032,34.80560666666667,116.76134666666667,617.0967999999999,0.18018086666666666,0.5287550666666667,0.6190398,0.20142433333333334,329.01466666666664,0.12347117333333334
1,22.370406666666668,32.927373333333335,145.59546666666668,1203.1056,0.10791422,0.14365246666666667,0.15595813333333333,0.07430032,0.1900254,0.07003867333333334,0.6606200000000001,2174.864666666667,4252.579333333334,75.62156,0.010503858,0.055802960000000006,0.06401537333333333,0.02256470666666667,0.020647613333333332,0.004843251333333334,26.398893333333334,45.932520000000004,172.02026666666669,1663.2079999999999,0.18600986666666666,0.5339364000000001,0.6523298666666667,0.22525846666666668,0.32383333333333336,0.10290128
0,17.84969333333333,20.453313333333334,114.46860666666667,758.9358000000001,0.11420954,0.08702049333333334,0.013665766666666667,0.012871727333333333,0.18199433333333337,0.07575109333333334,0.4615272666666667,0.6260346,2895.07,38.00508,0.008331584000000001,0.014974053333333334,0.010027175333333334,0.007327700666666667,0.01589374,0.003321234666666667,19.77974,22.668333333333333,126.81313333333334,915.2825333333334,0.13885973333333335,0.1387302,0.04555687333333333,0.04290143999999999,0.2408024666666667,0.0882122
0,13.691673333333334,23.730506666666667,86.55417333333332,441.57913333333335,0.10546604000000002,0.05779777333333334,0.025815993333333332,0.014391153333333335,0.3072530666666667,0.07471482666666666,0.2354916,3292.737333333333,1654.140666666667,16.99477333333333,0.013885973333333334,0.017240886666666667,0.025815993333333332,0.014391153333333335,0.022240873333333338,0.005818637333333334,14.170946666666666,30.19422,89.83136666666667,474.48060000000004,0.12686494666666667,0.08474070666666668,0.051631986666666664,0.02878230666666667,0.3496104666666666,0.08725365333333335
1,23.354860000000002,21.82636666666667,152.20166666666668,1282.38,0.11589347333333333,0.1595850666666667,141.19133333333335,0.08101014666666667,222.79733333333334,0.07487026666666667,0.38678653333333335,0.7650238666666667,2488.3353333333334,46.33407333333334,0.005332887333333334,0.020207199999999998,0.03853616666666667,0.012633385999999998,0.016774566666666667,0.0031554319999999997,26.398893333333334,28.52324,172.66793333333337,1673.5706666666667,0.1636006,0.34533586666666666,555.698,0.1988336666666667,0.3681337333333334,0.10654116666666667
0,15.531046666666668,32.24084666666667,100.53082,571.6306000000001,133.41933333333336,0.11940382666666667,0.07047908666666668,0.05536254666666667,235.7506666666667,0.08873033333333334,0.3397659333333333,1559.5813333333335,2415.7966666666666,25.116513333333334,0.010777173333333332,0.026230500000000004,0.03023308,0.0215673,0.02712428,0.004759054666666668,16.81342666666667,39.32632,109.42976,665.6718,0.1698182,0.23600973333333333,0.2084191333333333,0.1556990666666667,0.3366571333333334,0.10687795333333333
1,22.992166666666666,36.308193333333335,151.9426,1271.4992,0.12949447333333333,0.1702068,0.21994760000000002,0.10742199333333334,0.22189060000000002,0.07663192,0.5047914,1395.0739999999998,3721.492666666667,56.9299,0.006106201333333334,0.02610096666666667,0.04788847333333334,0.0143782,0.016023273333333334,0.003310872,27.888526666666667,49.92214666666666,188.34146666666666,1861.394,0.1814762,0.48730439999999997,0.8288838,255.18066666666667,0.3849730666666667,0.11755149999999999
0,19.170933333333334,22.875586666666667,124.19655999999999,874.0909333333333,0.11889864666666666,0.11515513333333334,0.05270711333333333,0.029274533333333335,0.24520660000000002,0.07624332,0.2854914666666667,0.8058268666666667,1919.6840000000002,25.582833333333337,0.006212418666666667,0.015168353333333334,0.022771959999999997,0.008933914000000001,0.029196813333333335,0.0025531020000000002,21.282326666666666,29.455879999999997,137.1758,1074.479,0.15880786666666666,0.24365219999999999,266.8386666666667,0.10761629333333333,0.46632,0.09436503333333333
0,18.821193333333333,25.05174666666667,122.08516666666667,854.5314000000002,0.10865256,101.036,0.11420954,0.037888500000000006,0.19080259999999996,0.07442985333333334,0.328367,1753.8813333333335,2582.8946666666666,29.84448,0.005371747333333333,0.02652842666666667,0.04376931333333334,0.011461109333333332,0.018056946666666667,0.0030142406666666672,21.113933333333335,36.77451333333334,140.02553333333333,1075.7743333333335,0.1410618,0.3431338,0.4895064666666667,0.12427428,0.3200768666666666,0.09667072666666666
1,27.331533333333336,26.58024,178.88553333333334,1792.7413333333334,0.12544007999999998,0.15220166666666665,0.2036264,0.14961100000000002,0.20129480000000002,0.07332882,0.8604899333333335,1762.948666666667,5883.4039999999995,106.07484666666666,0.0070815873333333335,0.02687816666666667,0.041256366666666676,0.018989586666666666,0.013328980000000002,0.00285621,33.26416,41.54134,217.87506666666664,2619.164,0.1772016,0.4016828666666667,0.5698171333333334,295.336,0.29378160000000003,0.0961785
0,15.375606666666664,27.901480000000003,99.52046,559.584,0.08566039333333332,0.13782346666666667,0.11369140666666668,0.030906653333333336,0.17474046666666665,0.08564744,331.60533333333336,2012.948,2532.3766666666666,26.217546666666664,0.008878214666666667,0.07853606,0.08630806,0.02011652666666667,0.030492146666666664,0.011560850000000003,16.567313333333335,36.502493333333334,108.17328666666668,656.9930666666667,0.12249967333333334,0.4402838,0.4168382666666666,0.11334166666666666,0.29857433333333333,0.12891157333333333
1,25.37558,32.38333333333333,165.41406666666668,1542.7420000000002,0.1336784,0.12786235333333335,0.2143776666666667,0.11739606000000001,0.21541393333333336,0.06983142,0.6054388,1781.0833333333333,3777.1920000000005,72.77182666666667,0.015414466666666668,0.024986980000000002,0.06356200666666667,0.019417046666666667,0.02125642,0.0023406673333333334,27.77194666666667,40.10352,181.08760000000004,1840.6686666666667,0.19792693333333333,0.238989,0.5151540666666666,0.1898958666666667,0.2970199333333334,0.07889875333333334
0,15.544000000000002,36.56726,99.44274,573.1850000000001,0.10928727333333334,0.083549,0.05252576666666667,0.025194233333333333,0.20919633333333335,0.07906714666666666,0.24766773333333336,2208.5433333333335,1963.7253333333335,17.95332,0.009499974666666668,0.03353618,0.038095753333333336,0.011873025333333335,0.02260356666666667,0.005572524,16.95591333333333,49.06722666666667,110.19400666666667,678.3660666666667,0.15647626666666667,0.24041386666666664,0.2345848666666667,0.09217592000000001,0.3169680666666667,0.10613961333333333
0,18.821193333333333,18.10876,121.57998666666667,834.4537333333334,0.14235713333333333,0.11971470666666667,0.08931323333333334,0.0841319,213.73000000000002,0.07928735333333334,396.372,0.9343239333333334,2775.8993333333333,33.29006666666667,0.007944279333333333,0.01620462,0.020919633333333337,0.014714986666666667,0.028588006666666665,0.004615272666666667,20.466266666666666,21.929993333333332,133.54886666666667,971.3704666666666,0.17448139999999998,0.19145026666666665,0.17784926666666667,0.13847113333333333,0.33756386666666666,0.10116553333333334
0,16.347106666666665,22.214966666666665,104.42977333333334,638.4698,0.11117846000000002,0.0703366,0.038419586666666665,0.029429973333333335,0.23303046666666669,0.07546612,0.2191704,0.8645054666666666,1445.5919999999999,17.25384,0.005036256,0.011060851333333335,0.016269386666666667,0.008922256,0.02082896,0.002121756,18.57508,28.691633333333332,118.67844000000001,820.5936666666666,0.15867833333333334,0.19650206666666667,0.24442940000000002,0.12760328666666668,423.574,0.09494793333333335
0,17.33156,39.79264,111.83908000000001,721.7597333333334,0.11975356666666669,0.09619145333333334,0.036515446666666666,0.04227968000000001,0.17810833333333334,0.07792725333333334,0.44144960000000005,2492.2213333333334,2962.4273333333335,37.47399333333333,0.007566041999999999,0.016139853333333332,0.010279765333333335,0.011823802666666668,0.020259013333333336,0.0038665699999999997,19.494766666666667,53.89882,125.24578000000001,913.9872,0.15181306666666666,0.1840668666666667,0.09071219333333334,0.10055672666666667,0.28445519999999996,0.09941683333333334
0,15.064726666666667,37.94031333333333,96.98160666666668,537.6928666666666,0.12120434000000001,0.11106188,0.09274586666666666,0.02612687333333333,0.23303046666666669,0.07987025333333334,0.40608700000000003,3142.4786666666664,2.784966666666667,29.96106,0.012773281999999999,0.03132116,0.0553755,0.011936496666666666,0.032059500000000005,0.0027564693333333337,16.99477333333333,50.27188666666667,111.45048000000001,683.6769333333333,0.1821238666666667,0.2630822,0.37862593333333333,0.08853603333333332,0.37357413333333334,0.09352306666666667
0,17.111353333333337,32.707166666666666,108.93753333333332,696.7597999999999,0.11387275333333334,0.0674221,0.035906640000000004,0.026787493333333332,0.20971446666666668,0.07233141333333333,0.2699474666666667,1.7487000000000001,1702.068,22.771959999999996,0.007471482666666667,0.010468884,0.019559533333333334,0.008356195333333333,0.017448139999999997,0.0023678693333333335,18.588033333333332,44.339259999999996,118.25098000000001,819.8164666666667,0.16696846666666665,0.13769393333333335,180.05133333333333,0.07778476666666667,0.3165794666666667,0.08792722666666668
0,16.839333333333332,32.55172666666667,107.00748666666668,673.8324000000001,0.10840644666666667,0.06571226,0.01562172,0.022823773333333335,0.21593206666666664,0.07058271333333334,0.3395068666666667,1595.850666666667,2146.367333333333,27.448113333333335,0.007841948,0.011624321333333333,0.007358788666666668,0.008207232,0.0157383,0.0019611346666666665,18.57508,41.295226666666665,117.95305333333334,814.1170000000001,0.1577716,0.14157993333333332,0.05779777333333334,0.07669668666666667,0.29870386666666665,0.08148941999999999
0,12635.976666666667,36.5284,79.89616,376.8124666666667,0.10341941333333332,0.05992212,0.019961086666666666,0.013510326666666668,0.20997353333333332,0.07709824,0.2306988666666667,2185.2273333333333,1610.0993333333333,14.61136,0.008533656,0.016450733333333332,0.018782333333333335,0.007906714666666667,0.02038854666666667,0.0029378159999999998,13.821206666666667,47.82370666666667,88.12152666666667,453.2371333333333,143.782,0.14365246666666667,0.09313446666666668,0.06303092,0.3006468666666667,0.09340648666666666
1,22.12429333333333,35.168299999999995,144.04106666666667,1205.8258,0.12821209333333333,143.782,0.13044006666666666,0.08330288666666667,0.23225326666666665,0.08135988666666667,1.2034942,1492.2240000000002,7838.062000000001,149.22240000000002,0.011321213333333332,0.02874344666666667,0.03524602,0.01888596,0.02648956666666667,0.005721487333333334,29.740853333333334,44.67604666666667,197.02020000000002,2134.7093333333337,0.20725333333333332,0.3165794666666667,0.34183846666666673,0.20142433333333334,389.8953333333334,0.1173572
1,35.518040000000006,34.02840666666667,242.0978,3239.628666666667,0.14041413333333333,0.25751226666666666,0.47085366666666667,0.2187818,0.26696820000000004,0.07283659333333334,3299.214,1691.7053333333333,24.157966666666667,702.3297333333335,0.0099093,0.06961121333333334,0.1043391,0.03365276,0.02198180666666667,0.005904129333333334,46.68381333333334,40.63460666666667,325.3877333333333,5510.348000000001,0.17577673333333332,0.5512938666666667,0.8851012666666667,0.340025,0.34209753333333337,0.09620440666666667
0,18.652800000000003,34.96104666666667,119.4945,836.9148666666666,0.09060856666666667,0.06765526000000001,0.04502578666666667,0.02249994,0.2211134,0.07037546000000001,0.2998696666666667,1.1803077333333334,2237.0406666666668,26.58024,0.006937805333333332,0.021748646666666666,0.025531019999999998,0.008251273333333333,0.018316013333333336,0.002450770666666667,19.948133333333335,41.42476,130.05146666666667,951.5518666666667,0.1317354,189.11866666666666,0.1906730666666667,0.07205939333333333,0.30375566666666665,0.08373034666666668
0,15.025866666666666,23.78232,95.69922666666666,534.5840666666667,0.11020696,0.07584176666666666,0.04361387333333333,0.023018073333333333,0.19637253333333335,0.07589358,0.23523253333333335,0.9917072,1687.8193333333336,16.69684666666667,0.008690391333333334,0.022033620000000004,0.026942933333333332,0.009711114000000002,0.02751288,0.003585482666666667,16.541406666666667,31.113906666666665,107.09816000000001,641.3195333333334,0.17383373333333338,0.23419626666666668,240.93200000000002,0.10735722666666665,415.80199999999996,0.10185206000000001
0,17.059540000000002,23.600973333333332,109.17069333333335,695.9825999999999,0.09670958666666668,0.07764228,0.06294024666666667,0.03717606666666667,0.18834146666666665,0.07187804666666667,0.26204593333333337,887.3033333333334,1601.0320000000002,21.87818,0.007731844666666668,0.019339326666666667,0.020259013333333336,0.010962406000000001,0.014157993333333334,0.0021657973333333333,19.30046666666667,30.945513333333334,123.1862,890.6712000000001,0.16606173333333335,0.254533,0.2430045333333333,0.13536233333333333,0.289507,0.08970183333333336
0,17.150213333333333,26.075059999999997,112.52560666666669,703.2364666666667,0.10730541333333334,0.1584192666666667,130.82866666666666,0.03669679333333333,0.20738286666666664,0.08331584,363.9886666666667,1.0537536666666667,4363.978,30.841886666666667,0.006384698,0.08623034000000002,0.09952045999999999,0.01772016,0.019766786666666664,0.010534945999999998,19.999946666666666,33.031,148.96333333333334,950.1270000000001,0.15556953333333334,0.7313451999999999,0.8492205333333334,0.17577673333333332,0.36852233333333334,0.16178713333333333
0,17.020680000000002,26.865213333333333,111.37276000000001,695.4644666666667,0.11237016666666666,0.1410618,0.14054366666666668,0.045466200000000005,0.20233106666666667,0.07797906666666667,0.4082890666666667,1.0212408,2994.8106666666667,35.492133333333335,0.009449456666666666,0.041178646666666666,0.05977963333333333,0.01624348,0.020220153333333334,0.0041839266666666665,19.170933333333334,32.97918666666667,130.69913333333335,892.6142,0.17499953333333332,0.4597138,0.5834181333333334,0.15297886666666669,0.3319939333333333,0.10588054666666667
0,12523.282666666666,23.445533333333334,79.09305333333334,370.8539333333334,0.10765515333333335,0.07031069333333334,0.01915798,0.007472778,217.616,0.08305677333333333,0.44248586666666667,1699.4773333333333,2946.883333333333,27.176093333333338,0.014222760000000001,0.01628234,0.013354886666666668,0.005095841333333333,0.034883326666666666,0.003858798,14.442966666666669,31.89110666666667,92.11115333333333,492.48573333333337,0.17979226666666667,0.16256433333333334,0.08301791333333333,32.38333333333333,0.39598340000000004,0.10200750000000001
1,22.797866666666668,30.220126666666662,154.14466666666667,1270.0743333333332,0.12032351333333334,0.2595848,0.2766832,0.1297924,0.21968853333333335,0.09545311333333334,1.2032351333333333,1897.6633333333332,7514.228666666667,135.88046666666668,0.008764225333333334,0.09099716666666668,0.08537542,0.029935153333333336,0.021670926666666663,0.014637266666666668,27.940340000000003,37.39627333333333,186.00986666666665,1861.394,0.15634673333333335,0.619817,0.6690396666666666,0.25854853333333333,0.2980562,0.1585488
0,15.051773333333331,23.54916,98.93756,529.5322666666667,0.15220166666666665,0.19209793333333333,132.124,0.07207234666666668,0.2534967333333334,0.09397643333333335,0.5312162,2.25388,3920.974,36.07503333333334,0.018898913333333333,0.04152838666666667,0.06426148666666667,0.023847086666666666,0.023406673333333333,0.006757754,17.305653333333332,32.901466666666664,114.17068,684.0655333333334,230.56933333333333,0.37279693333333336,0.41269320000000004,0.1834192,344.5586666666666,0.1200774
0,12521.987333333333,23.95071333333333,79.65004666666667,374.4808666666667,0.11588052,0.08106196,0.03818642666666667,0.019611346666666668,0.2898956,0.08306972666666668,0.4891178666666667,1.7487000000000001,3327.711333333333,29.44292666666667,0.009716295333333333,0.02576418,0.03515534666666667,0.012801779333333332,0.025388533333333334,0.005068639333333334,14.430013333333335,33.186440000000005,91.81322666666667,498.96239999999995,0.15984413333333333,0.1997404,0.16541406666666666,0.08497386666666668,0.4111388,0.11041421333333333
0,15.595813333333332,36.45068,99.54636666666666,582.7704666666667,0.11336757333333335,0.07772,0.03066054,0.030790073333333334,0.2401548,0.07380809333333334,0.7851015333333332,3423.5660000000003,5309.571333333333,58.23818666666667,0.009737020666666667,0.020142433333333334,0.018976633333333333,0.015323793333333334,0.02651547333333333,0.005029779333333334,17.616533333333333,43.17346,113.00488,735.2312000000001,0.1348442,0.12598412,0.07155421333333332,0.07185214,0.3113981333333334,0.08599718
0,19.326373333333333,19.33932666666667,124.93490000000001,889.7644666666666,0.10489609333333333,0.11073804666666666,0.07174851333333333,0.041722686666666675,0.2185227333333333,0.07343244666666666,0.3168385333333334,0.5613974666666667,2365.2786666666666,30.19422,0.004237035333333333,0.0229274,0.0299222,0.010879504666666666,0.014870426666666667,0.003081598,22.25382666666667,23.600973333333332,145.07733333333334,1174.3492,0.137953,0.3615275333333334,0.4081595333333334,0.14857473333333335,0.34818560000000004,0.10716292666666667
0,15.893740000000001,38.82114,100.28470666666668,602.8481333333333,0.09972771333333334,0.04401542666666667,0.0,0.0,0.2203362,0.07720186666666666,0.577071,4724.080666666667,3735.7413333333334,45.50506000000001,0.009506451333333334,0.010677432666666667,0.0,0.0,0.04068642,0.0040621653333333336,17.422233333333335,49.28743333333333,110.20696,723.9618,0.12204630666666666,0.06752572666666667,0.0,0.0,0.3120458,0.08734432666666668
0,14.093226666666668,20.233106666666668,91.20441999999998,464.89513333333326,0.13044006666666666,0.13847113333333333,0.0662563,0.020349686666666665,0.24106153333333333,0.08856194,0.1919684,696.8893333333334,1685.2286666666669,12431.314,0.005795321333333333,0.04006466,0.03571234,0.008667075333333333,0.015699440000000002,0.006051797333333333,15.46628,25.064700000000002,104.63702666666667,561.0088666666667,0.1725384,0.5049209333333333,0.4358796666666667,0.10318625333333332,0.3343255333333333,139.896
0,16.619126666666666,20.375593333333335,107.37018,656.6044666666667,0.11709813333333334,0.10711111333333334,0.0755827,0.03987036,0.22085433333333337,0.07659306,0.19417046666666668,0.631475,1547.9233333333334,15.07768,0.0063121593333333335,0.02326418666666667,0.04297916000000001,0.010828986666666665,0.020738286666666668,0.002965018,18.251246666666667,25.064700000000002,120.75097333333333,784.7129333333332,0.17176119999999998,338.082,0.45025786666666673,0.12672246,0.3893772,0.10106190666666669
0,18.393733333333333,26.593193333333335,119.70175333333333,801.0341333333332,0.11568622,0.14352293333333332,0.06558272666666667,0.03961129333333333,0.19507720000000003,0.07783658,0.45051693333333337,1318.6493333333335,3560.871333333333,40.16828666666667,0.005319934000000001,0.04259056,0.03654135333333333,0.017487,0.020854866666666666,0.0035543946666666665,21.308233333333334,35.310786666666665,145.20686666666666,1073.1836666666666,0.14935193333333333,0.4441698,0.3253877333333333,0.17344513333333333,0.3282374666666667,0.10178729333333332
0,18.005133333333333,21.528440000000003,115.24580666666667,776.4227999999999,0.08844535999999999,0.06889878,0.028808213333333332,0.017344513333333336,0.2348439333333333,0.07170965333333333,0.20142433333333334,0.7463710666666667,1803.104,18.173526666666667,0.004284962666666667,0.017033633333333336,0.012828981333333335,0.0062590506666666676,0.017046586666666665,0.002713723333333334,19.611346666666666,28.23826666666667,131.08773333333335,931.2151333333333,0.12155408000000001,0.25984386666666665,0.17927413333333334,0.08059564,0.34701980000000004,0.09971476000000001
0,14.88338,18.898913333333333,95.84171333333332,524.4804666666666,0.13549186666666665,0.10658002666666667,0.06875629333333334,0.025505113333333333,0.2304398,0.08515521333333335,0.2634708,1510.3586666666667,2029.7873333333334,18.57508,0.006420967333333333,0.027383346666666666,0.05383405333333333,0.010411889333333334,0.023872993333333332,0.004681334666666667,16.062133333333335,28.3678,106.26914666666669,605.6978666666668,0.17512906666666664,260.362,0.33626853333333334,0.09625622,0.3809575333333333,0.1189116
1,21.049166666666668,25.27195333333334,142.2276,1056.7329333333334,0.1329012,0.24520660000000002,0.28963653333333333,0.11909294666666666,0.2786262,0.08520702666666667,0.4076414,1.2768100666666669,3.976673333333333,42.90144,0.011913180666666667,0.07085473333333334,0.10464998000000002,0.02869163333333333,0.03591959333333334,0.008231843333333334,22.525846666666666,29.857433333333333,158.1602,1217.2247333333335,0.17836739999999998,0.5779777333333334,0.7638580666666667,0.22992166666666666,0.4297916,0.11834165333333334
0,15.751253333333333,23.354860000000002,101.41164666666668,589.7652666666667,0.11770694000000002,0.10152822666666668,0.03777192,0.01977974,0.18963680000000002,0.08139874666666666,0.2841961333333333,1.5414466666666666,2173.5693333333334,21.062120000000004,0.006361382,0.021580253333333337,0.01809580666666667,0.006685215333333334,0.01883414666666667,0.0024067293333333334,17.279746666666668,36.10094,115.06446,709.0654666666666,0.15647626666666667,0.29520646666666667,209.84400000000002,0.07370446666666668,0.3116572,0.10011631333333333
0,18.005133333333333,24.92221333333333,114.93492666666668,780.9564666666666,0.10351008666666667,0.06898945333333334,0.03879523333333334,0.0268134,0.20453313333333334,0.07246094666666666,0.42953253333333336,1.1999968,2663.2053333333333,36.80042,0.004797914666666667,0.014015506666666665,0.0198186,0.008128216666666667,0.01375644,0.0028717540000000002,21.256420000000002,34.222706666666674,135.23280000000003,1075.7743333333335,0.13782346666666667,0.18328966666666666,0.21670926666666668,0.10556966666666667,0.30518053333333334,0.09848419333333334
0,17.448140000000002,18.212386666666667,113.10850666666666,707.6406000000001,0.1387302,0.14961100000000002,0.07494798666666667,0.06821225333333333,0.2304398,0.08599718,0.20569893333333333,0.7426146,1427.4573333333335,16.63208,0.005764233333333334,0.01880824,0.01727974666666667,0.011387275333333334,0.02199476,0.003610094,19.209793333333334,23.730506666666667,122.97894666666667,855.1790666666667,0.18043993333333333,0.32370380000000004,0.2393776,0.17292700000000003,0.4180040666666667,0.12080278666666666
0,17.746066666666668,22.849680000000003,113.67845333333334,739.7648666666668,0.12888566666666668,0.10306967333333333,0.05891176,0.04093253333333334,0.22435173333333333,0.07885989333333333,0.31489553333333337,1.2256444,2025.9013333333335,26.735680000000002,0.004203356666666667,0.010603598666666667,0.02199476,0.011959812666666667,0.016645033333333333,0.001974088,19.378186666666668,30.47919333333334,124.06702666666666,889.2463333333334,0.15531046666666667,0.17435186666666666,0.22564706666666667,0.11757740666666668,0.32616493333333335,0.09015519999999999
0,20.375593333333335,14.61136,133.16026666666667,967.8730666666667,0.1351032666666667,0.1682638,0.1542742,0.08045315333333333,0.23108746666666669,0.08107491333333335,211.13933333333333,0.5014235333333333,1480.566,17.966273333333334,0.007816041333333334,0.02357506666666667,0.04321232,0.013821206666666669,0.015220166666666667,0.002922272,22.033620000000003,18.393733333333333,145.725,1106.6032666666667,0.19961086666666664,0.38587980000000005,0.5186514666666667,0.18808239999999998,0.3312167333333333,0.10597121999999999
0,16.1269,21.256420000000002,107.31836666666668,617.4854,0.12323801333333334,0.1957248666666667,0.19999946666666668,0.06277185333333334,0.2696884,0.09488316666666667,0.5079002,1563.4673333333333,6481.848000000001,39.10611333333333,0.009370441333333333,0.09677435333333334,0.14430013333333333,0.03524602,0.04186517333333334,0.012470174,17.84969333333333,27.24086,126.70950666666666,752.0705333333334,0.15220166666666665,0.5260348666666667,0.6341952,0.17383373333333338,0.4185222,0.13393746666666667
0,18.96368,21.82636666666667,122.03335333333332,862.692,0.11192975333333334,0.08676142666666666,0.06725370666666668,0.036152753333333336,0.18251246666666665,0.0693651,0.2854914666666667,1303.1053333333334,1905.4353333333336,25.88076,0.004579003333333334,0.018043993333333334,23.316000000000003,0.007958528000000001,0.01624348,0.0015790113333333333,21.32118666666667,32.95328,137.30533333333332,1076.422,0.14792706666666666,268.134,0.31567273333333334,0.10139869333333335,0.31800433333333333,0.08544018666666668
1,25.18128,24.378173333333336,165.9322,1511.6540000000002,0.1410618,0.1875642666666667,0.2922272,0.15466280000000002,0.23613926666666665,0.07920963333333335,0.7330291333333333,1823.8293333333334,4703.355333333334,87.74588,0.006849722666666666,0.03669679333333333,0.05512938666666667,0.015233120000000001,0.022240873333333338,0.004159315333333333,31.03618666666667,39.36518,199.35180000000003,2253.88,0.1961134666666667,0.48251166666666667,0.7689098666666667,266.8386666666667,0.42305586666666667,0.11669658000000001
0,15.129493333333334,20.945540000000005,97.78471333333333,544.6876666666667,0.1461136,0.11998672666666667,0.05542731333333334,0.04056984,0.24002526666666668,0.08291428666666667,0.48095726666666666,1494.8146666666669,3308.281333333334,35.712340000000005,0.011655409333333333,0.016735706666666666,0.02397662,0.01511654,0.027875573333333334,0.004161906000000001,17.25384,27.966246666666667,112.13700666666666,712.1742666666665,0.1976678666666667,0.19132073333333333,193.00466666666668,0.12713696666666666,0.36321146666666665,0.10393754666666667
1,21.619113333333335,26.165733333333336,138.7302,1110.8778666666667,0.09711114,0.09212410666666666,0.04726671333333334,0.029883339999999998,0.23911853333333333,0.0689765,0.3203359333333333,0.7356197999999999,2299.2166666666667,29.7279,0.003454654,0.01873052,0.018432593333333334,0.006861380666666667,0.025401486666666667,0.0022020666666666667,24.844493333333332,34.40405333333333,164.89593333333332,1404.1413333333333,0.13069913333333336,378.2373333333333,0.32085406666666666,0.11317327333333334,0.6058274,0.09874326000000001
0,15.867833333333335,29.06728,101.26916000000001,604.273,0.10611370666666668,67.35733333333333,0.02220201333333333,0.016334153333333334,0.19999946666666668,0.07740912000000001,0.2900251333333333,1475.3846666666668,2042.7406666666666,23.36781333333333,0.0066010186666666665,0.015608766666666668,0.012189086666666668,0.005895062,0.02082896,0.003107504666666667,18.354873333333334,41.437713333333335,120.12921333333333,806.8631333333333,0.16269386666666666,0.23367813333333334,159.326,0.08205936666666667,0.4015533333333334,0.10625619333333335
0,23.121700000000004,17.13726,148.4452,1285.1002,0.10152822666666668,0.08053087333333334,0.05757756666666667,0.05411902666666666,158.0306666666667,0.06791432666666666,0.6261641333333333,1354.9186666666667,4097.1393333333335,65.99723333333334,0.005659311333333333,0.010717588,0.014935193333333334,0.009633394,0.01686524,0.0016955913333333336,25.67350666666667,23.86004,164.63686666666666,1567.3533333333335,0.12774577333333334,0.12922245333333335,0.13575093333333335,0.10804375333333333,0.23095793333333334,0.07604902000000001
1,23.328953333333335,26.63205333333333,153.36746666666667,1304.4006666666667,0.12966286666666668,0.16696846666666665,151.554,0.10054377333333332,0.27409253333333333,0.07871740666666667,0.9777176000000001,1668.3893333333335,6933.919333333334,116.24321333333334,0.010358780666666668,34.974,0.048406606666666664,0.021347093333333334,0.03752580666666667,0.005176152000000001,27.888526666666667,33.756386666666664,185.75080000000003,1847.1453333333336,0.1695591333333333,0.30142406666666666,0.3295328,0.19287513333333337,0.42111286666666664,0.09876916666666667
0,16.139853333333335,16.619126666666666,102.11112666666666,618.2626,0.09549197333333333,0.05237032666666667,0.009291426,0.014883380000000002,0.20893726666666668,0.07788839333333335,0.42435120000000004,1924.8653333333334,2730.5626666666667,31.8652,0.013458513333333333,0.012992193333333334,0.008310858666666667,0.010226656666666665,0.03716311333333334,0.006244802,17.085446666666666,21.19165333333333,107.82354666666667,691.7080000000001,0.12226651333333334,0.08389873999999999,0.021683880000000003,0.034714933333333337,295.336,0.09103602666666666
0,17.046586666666666,26.606146666666664,108.88572,697.7960666666668,0.0950127,0.06832883333333332,23.316000000000003,0.016269386666666667,0.22189060000000002,0.07626922666666668,0.41929940000000004,1908.026,3012.9453333333336,33.76934,0.010106190666666667,0.02658024,0.01737042,0.007207234666666667,0.027020653333333335,0.003498695333333333,18.782333333333334,36.865186666666666,123.43231333333335,839.7646,0.14481826666666667,0.21321186666666667,0.09971476000000001,0.05433923333333334,0.3480560666666667,0.09623031333333333
0,19.261606666666665,26.178686666666668,124.50744000000002,881.9924666666667,0.12418360666666667,0.10809556666666666,0.08839354666666666,0.06413195333333334,0.19261606666666667,0.07445576000000001,0.3009059333333333,2119.1653333333334,2067.3520000000003,28.29008,0.00701423,0.01775902,0.027888526666666667,0.015323793333333334,0.02537558,0.0023471440000000002,20.73828666666667,36.89109333333334,134.58513333333335,1015.0232000000001,0.15751253333333334,0.17979226666666667,0.2202066666666667,0.1317354,0.30686446666666667,0.08547904666666667
0,16.38596666666667,23.53620666666667,107.11111333333334,629.0138666666668,0.13937786666666666,0.17279746666666665,0.10384687333333335,0.06572521333333334,0.2125642,0.08878214666666667,0.30103546666666664,0.8202050666666666,2196.885333333333,23.83413333333333,0.007388581333333334,0.03240924,0.03414498666666667,0.013367839999999999,0.022784913333333337,0.004615272666666667,18.626893333333335,28.691633333333332,123.43231333333335,820.8527333333335,0.19857460000000002,0.49766706666666666,0.4639884,0.1822534,418.3926666666667,0.13380793333333332
0,16.152806666666667,22.42222,104.20956666666667,621.8895333333334,0.11564735999999999,0.09883393333333335,0.04674857999999999,0.03068644666666667,0.1976678666666667,0.07831585333333334,0.1984450666666667,1011.6553333333333,1623.0526666666667,15.42742,0.004917085333333334,0.01775902,0.017435186666666668,0.009191685333333333,0.019896320000000002,0.0019961086666666667,18.212386666666667,31.528413333333333,120.23284,786.6559333333333,0.16528453333333334,0.32461053333333334,0.2626936,0.1363986,0.39313366666666666,0.09923548666666666
1,23.95071333333333,22.694239999999997,157.12393333333333,1383.4160000000002,0.13108773333333332,0.17059540000000004,0.19313420000000003,0.11895046,0.2373050666666667,0.08674847333333334,1.0262926,1353.6233333333334,6283.662,124.05407333333333,0.010328988,0.041632013333333336,0.057448033333333336,0.020375593333333334,0.020945540000000002,0.0068069766666666665,29.468833333333336,29.637226666666667,189.63680000000002,2072.5333333333333,0.18290106666666664,0.4001284666666667,0.4576412666666667,0.21541393333333336,325.1286666666667,0.12234423333333334
1,26.670913333333335,27.51288,178.49693333333335,1709.8400000000001,0.14054366666666668,0.21295279999999997,0.28341893333333334,0.14520686666666668,0.2393776,0.08059564,0.7647648,1575.1253333333334,5448.172,97.26658000000002,0.008634692000000001,0.036152753333333336,0.05261644000000001,0.01915798,0.014468873333333333,0.004827707333333333,30.906653333333335,39.84445333333334,211.3984,2279.786666666667,0.18963680000000002,0.46593140000000005,0.6708531333333334,0.2737039333333333,321.2426666666667,0.11656704666666667
0,19.48181333333333,21.68388,127.88826,893.0028000000001,0.12801779333333332,0.17668346666666668,0.10001268666666667,0.07955937333333334,0.2160616,0.08897644666666667,481.86400000000003,1.0910592666666667,2984.4480000000003,45.12941333333334,0.005340659333333333,0.02356211333333334,0.02585485333333333,0.013005146666666668,0.013665766666666667,0.004192994,21.70978666666667,26.46366,142.09806666666668,1109.9711333333332,0.14702033333333334,0.28186453333333333,0.24041386666666664,0.13186493333333335,0.28199406666666665,0.11073804666666666
1,17.901506666666666,31.72271333333333,119.59812666666666,771.8891333333332,0.15051773333333332,0.21774553333333335,0.17577673333333332,0.08755158,0.2946883333333334,0.09374327333333334,0.6154128666666667,1979.2693333333334,3852.3213333333333,50.582766666666664,0.012538826666666667,0.04994805333333333,0.04502578666666667,0.02093258666666667,0.03152841333333333,0.009060856666666667,20.73828666666667,42.66828,137.30533333333332,1020.7226666666667,0.2323828,0.5137292,0.4379522,0.1970202,0.4729262,0.15323793333333333
0,16.24348,21.139840000000003,105.24583333333334,616.9672666666667,0.1499996,0.14054366666666668,0.07678736,0.04247398,0.2516832666666667,0.08564744,0.3338074,1418.39,2028.4920000000002,23.95071333333333,0.012567324,0.020297873333333334,0.033354833333333334,0.015038820000000001,0.03628228666666667,0.0032124266666666667,17.577673333333333,27.720133333333333,112.26654,715.024,204.6626666666667,0.22681286666666667,0.2446884666666667,0.10895048666666668,0.4086776666666667,0.09764222666666666
1,29.909246666666665,25.686459999999997,197.02020000000002,2178.750666666667,0.12101004,0.16515500000000002,0.21709786666666667,0.12992193333333332,0.19494766666666666,0.07103608,1672.2753333333333,0.9652824,12480.536666666667,233.41906666666668,0.007452052666666667,0.04347138666666667,0.05150245333333333,0.027927386666666665,0.028510286666666666,0.0037525806666666665,39.883313333333334,30.919606666666667,273.963,3603.6173333333336,0.15531046666666667,0.4695583333333333,0.49144946666666667,0.29326346666666664,0.3766829333333333,0.09426140666666667
0,12005.149333333335,16.670939999999998,79.65004666666667,322.1494,0.21165746666666665,0.2900251333333333,0.12603593333333332,0.06803090666666667,0.3080302666666667,0.12308257333333333,0.5279778666666667,1415.7993333333334,3904.134666666667,25.958479999999998,0.012672246,0.058834040000000004,0.04511646,0.028341893333333337,0.032927373333333336,0.013536233333333333,13.316026666666666,21.21756,89.44276666666667,388.85906666666665,0.24637240000000002,0.44572420000000007,0.27189046666666666,0.13277166666666665,0.3935222666666667,0.16217573333333335
0,12533.645333333334,17.020680000000002,83.05677333333334,352.9783333333333,0.16256433333333334,0.2854914666666667,0.1538856,0.09116555999999999,0.26645006666666665,0.12402816666666668,0.35543946666666665,1.8005133333333332,2314.7606666666666,22.888540000000003,0.028199406666666666,0.06331589333333333,0.06721484666666667,0.018782333333333335,0.03409317333333333,0.014870426666666667,13.730533333333334,23.36781333333333,89.98680666666667,424.99886666666674,0.25984386666666665,0.4744806000000001,0.3773306,0.13924833333333334,0.36891093333333336,0.17668346666666668
0,15.828973333333336,25.958479999999998,102.94014,586.9155333333334,0.14196853333333334,0.1492224,0.10589350000000002,0.02805692,0.2751288,0.08930028000000001,0.2345848666666667,1.0309558,1.2768100666666669,16.295293333333333,0.008124330666666667,0.028471426666666664,0.05137292000000001,0.012816028,0.0170984,0.004939106,17.046586666666666,31.308206666666667,110.27172666666667,667.4852666666667,0.18160573333333332,0.2998696666666667,0.45790033333333335,0.10476656,0.3509058,0.11449451333333333
0,14.326386666666666,22.17610666666667,92.2925,474.73966666666666,0.15466280000000002,0.1387302,0.05262939333333333,0.055284826666666675,0.2531081333333333,0.10331578666666667,0.2304398,1.3341933333333333,1707.2493333333334,15.9326,0.016347106666666666,0.03041442666666667,23.316000000000003,0.016645033333333333,0.0287564,0.010768106,15.142446666666666,26.865213333333333,98.54896000000001,532.5115333333334,0.21528440000000001,0.2630822,0.16269386666666666,0.12323801333333334,360.10266666666666,0.15129493333333335
0,21.113933333333335,20.33673333333333,135.62140000000002,1061.9142666666667,0.12211107333333333,0.08694277333333333,0.07158012,0.059106059999999995,0.22163153333333332,0.07327700666666667,0.26774539999999997,0.6095838666666668,1484.452,26.774540000000002,0.009577694666666667,0.015582860000000002,0.03199473333333334,0.018536220000000003,0.017409280000000003,0.0033277113333333337,22.435173333333335,23.00512,142.2276,1202.3284,0.17538813333333333,0.1762948666666667,0.2522014,0.17577673333333332,0.2979266666666667,0.09365260000000002
1,20.025853333333334,31.023233333333334,134.4556,947.2772666666666,0.15323793333333333,242.22733333333335,262.9526666666667,0.11036240000000001,0.23406673333333336,0.09174846000000002,0.4314755333333333,2540.1486666666665,3804.3940000000002,42.12424000000001,0.012354889333333334,0.06398946666666668,0.07796611333333334,0.026437753333333338,0.027266766666666668,7.772000000000001,22.16315333333333,47.05946,152.46073333333334,1177.9761333333333,0.22435173333333333,0.6433920666666667,0.7656715333333333,0.2801806,0.3902839333333334,0.13821206666666666
0,15.207213333333334,19.028446666666667,98.84688666666666,551.812,0.10490904666666667,0.12514215333333334,0.08712412000000001,0.03418384666666667,0.19417046666666668,0.08753862666666667,0.24922213333333332,0.8312154,1742.2233333333334,16.891146666666668,0.009044017333333335,0.05072525333333333,0.052033539999999996,0.019792693333333333,0.029274533333333335,0.008836764,16.1269,22.797866666666668,105.24583333333334,613.7289333333334,0.1389892666666667,0.3617866,348.4446666666667,0.1367872,0.33730480000000007,0.12796598
0,19.18388666666667,19.0414,122.61625333333332,881.7334000000001,0.10974064,0.06497392,0.04424858666666667,0.03291442,0.2148958,0.06927442666666667,0.28264173333333337,0.8072517333333332,2172.274,26.83930666666667,0.008689096,0.01550514,0.01919684,0.01367872,0.02046626666666667,0.002304398,20.220153333333332,22.771959999999996,131.7354,984.7124,0.14753846666666667,0.1309582,0.1426162,0.10304376666666666,0.3023308,0.07955937333333334
1,17.357466666666667,26.58024,114.81834666666667,721.1120666666667,0.14326386666666668,0.19028446666666668,0.18717566666666666,0.10585464,0.27409253333333333,0.09488316666666667,0.5059572,1.2054372,4006.4660000000003,43.61387333333334,0.007012934666666667,0.0293393,0.04471490666666667,0.01727974666666667,0.022085433333333335,0.00518781,21.256420000000002,38.41958666666667,146.76126666666667,1093.7794666666666,0.2038854666666667,0.49948053333333337,0.6613972,0.2656728666666667,0.464377,0.14365246666666667
0,18.88596,17.694253333333332,122.13698000000001,853.3656,0.12735717333333335,0.11551782666666666,0.10650230666666667,0.056334046666666665,0.22525846666666668,0.0730568,0.5395063333333333,0.8078994,3317.3486666666668,48.06982,0.006415786,0.02347144,0.03931336666666666,0.011202042666666667,0.01993518,0.0029546553333333336,21.70978666666667,22.331546666666664,140.54366666666667,1116.5773333333334,0.1584192666666667,0.24974026666666668,0.3227970666666667,0.11898932,0.34015453333333334,0.09129509333333334
1,19.494766666666667,24.702006666666666,125.98412000000002,909.1944666666667,0.11936496666666667,0.11135980666666667,0.09696865333333334,0.0561527,0.20220153333333332,0.07661896666666666,499.9986666666667,1551.8093333333334,3.4067266666666662,49.857380000000006,0.006414490666666667,0.02111393333333333,0.03843254,0.012205926,0.014922240000000002,0.0022253826666666665,22.771959999999996,36.347053333333335,147.40893333333335,1252.5873333333334,0.16139853333333334,0.27214953333333336,0.37124253333333335,145.07733333333334,0.29559506666666663,0.09007748
0,14.689079999999999,24.106153333333335,94.24845333333333,506.7344,0.13588046666666667,0.11009038,0.05572524000000001,0.033600946666666666,0.24961073333333336,0.08045315333333333,314.766,1.3082866666666668,1931.3419999999999,23.562113333333333,0.011110074,0.02125642,0.02718904666666667,0.01433934,0.03152841333333333,0.0015764206666666666,16.152806666666667,29.831526666666672,102.52563333333335,619.9465333333334,0.19209793333333333,0.2038854666666667,0.2103621333333333,0.11064737333333334,396.372,0.08786246000000002
1,23.71755333333333,26.65796,156.47626666666667,1362.6906666666666,0.1383416,0.16165759999999998,0.20323780000000002,0.12242195333333333,240.93200000000002,0.07695575333333333,0.7058271333333335,1.194945,4168.382666666667,87.25365333333333,0.007999978666666666,0.024313406666666666,0.03773306,0.01354918666666667,0.02019424666666667,0.0035297833333333335,28.315986666666664,33.937733333333334,184.1964,1933.9326666666666,0.19326373333333335,0.32849653333333334,0.4869158,195.59533333333334,0.39818546666666665,0.10185206000000001
1,25.76418,26.243453333333335,169.041,1572.5346666666667,0.13432606666666666,169.68866666666668,0.18277153333333332,0.12216288666666668,0.23341906666666667,0.08015522666666666,0.6578998,1.1317327333333334,4733.148,77.3314,0.006591951333333333,0.029831526666666663,0.03953357333333333,0.015259026666666668,0.013691673333333333,0.004392475333333334,30.73826,32.68126,207.90099999999998,2132.1186666666667,0.18354873333333332,0.42862580000000006,0.5420969999999999,0.20893726666666668,0.3301804666666667,0.11834165333333334
0,16.683893333333334,23.600973333333332,109.3909,638.7288666666667,0.1577716,0.2151548666666667,0.06249983333333334,0.06869152666666667,0.22137246666666666,0.09395052666666666,0.5733145333333334,1514.2446666666667,4113.978666666667,44.52060666666666,0.006830292666666667,0.030168313333333335,0.018199433333333334,0.016113946666666667,0.02352325333333333,0.004273304666666667,19.494766666666667,31.567273333333336,128.63955333333334,873.9614000000001,0.18860053333333335,0.38354819999999995,0.16139853333333334,0.14196853333333334,0.33445506666666663,0.11519399333333334
0,16.5155,21.632066666666663,106.87795333333334,639.6356000000001,0.14572500000000002,0.14468873333333335,0.05025893333333334,0.03879523333333334,274.61066666666665,0.08578992666666667,0.4966308000000001,1299.2193333333332,3231.8566666666666,37.07244,0.009726658000000001,0.020220153333333334,0.02560874,0.011915771333333334,0.023380766666666667,0.004700764666666667,18.717566666666666,28.160546666666665,121.28206,808.4175333333334,0.19106166666666666,0.25634646666666666,0.18432593333333336,0.10420956666666666,0.3977968666666667,0.11084167333333333
0,12040.123333333335,18.005133333333333,77.66818666666667,333.93693333333334,0.1775902,0.15867833333333334,0.043160506666666675,0.031360019999999995,0.28458473333333334,0.09968885333333334,0.45828893333333337,1.4637266666666664,3093.256,25.42739333333333,0.020025853333333333,0.032901466666666664,0.028458473333333335,0.02046626666666667,0.05177447333333333,0.005053095333333334,13.691673333333334,23.108746666666665,87.87541333333333,423.05586666666676,239.63666666666666,0.2716314,0.12948152,0.09406710666666668,0.47681219999999996,0.11634684
1,31.90406,27.979200000000002,214.37766666666667,2384.708666666667,133.41933333333336,0.2727972,299.22200000000004,0.19054353333333338,0.2579008666666667,0.08729251333333334,1.284323,1.1663181333333335,9.1321,181.21713333333335,0.006462418000000001,0.04160610666666667,0.04625635333333333,0.020686473333333337,0.024339313333333334,0.006165786666666667,38.756373333333336,34.88332666666667,266.45006666666666,3422.270666666667,0.17383373333333338,0.5424856,0.6033662666666667,0.320595,0.40893673333333336,0.1252716866666667
0,14.585453333333334,25.686459999999997,92.35726666666666,502.71886666666666,0.11024582000000001,0.05716306000000001,0.006563454000000001,0.0073367680000000005,0.2120460666666667,0.08216299333333334,0.17409280000000002,1402.8460000000002,1.2709810666666665,12088.050666666668,0.005440400000000001,0.007642466666666667,0.004981852,0.00526553,0.019261606666666667,0.00297279,15.453326666666667,34.23566,98.93756,564.6358,0.14352293333333332,0.10003859333333333,0.03281079333333333,0.03668384,0.3312167333333333,0.09861372666666668
0,17.759020000000003,24.196826666666666,114.93492666666668,739.6353333333333,0.12844525333333334,138.60066666666668,0.0697537,0.049002460000000005,0.22202013333333334,0.08863966000000001,0.4133408666666667,1617.8713333333335,2958.541333333333,34.26156666666667,0.008729251333333334,0.029157953333333334,0.027020653333333335,0.017512906666666668,0.024222733333333333,0.004853614,19.572486666666666,33.19939333333333,128.79499333333334,909.1944666666667,0.184585,0.33238253333333334,0.250647,0.1663208,0.3690404666666667,0.11698155333333334
0,12755.147333333334,20.310826666666667,81.60600000000001,379.7917333333333,0.12295304000000001,0.10905411333333333,0.030181266666666668,0.031295253333333335,0.17966273333333335,0.08926142,0.32357426666666667,1575.1253333333334,2559.578666666667,19.74088,0.011310850666666669,0.026450706666666667,0.01375644,0.008809562,0.02362688,0.004525894666666667,14.559546666666668,29.779713333333333,96.26917333333331,487.693,0.1838078,0.2905432666666667,0.10924841333333334,0.08455936000000001,0.3240924,0.11928724666666668
0,11102.302000000001,16.968866666666667,70.63452666666667,286.65726666666666,0.13419653333333334,0.09885983999999999,0.0332253,0.019559533333333334,0.21735693333333336,0.09230545333333334,0.16411873333333335,0.8799199333333334,1384.7113333333334,9396.348,0.010229247333333333,0.022823773333333335,0.023328953333333336,0.00948184,0.020621706666666666,0.005084183333333333,12270.692666666668,23.898899999999998,81.9946,356.9938666666667,0.2125642,0.289507,0.22720146666666666,0.11025877333333334,0.3863979333333334,0.13588046666666667
0,17.43518666666667,24.287499999999998,113.26394666666666,713.8582000000001,0.13924833333333334,0.14740893333333335,0.05441695333333333,0.04082890666666667,0.22318593333333336,0.08182620666666668,0.2588076,0.7860082666666667,1869.1660000000002,20.816006666666667,0.005716306000000001,0.018691660000000002,0.019546579999999997,0.009545311333333332,0.017538813333333333,0.0023147606666666667,19.883366666666667,32.59058666666667,131.99446666666668,932.3809333333334,0.2103621333333333,0.40466213333333334,0.3437814666666667,0.18484406666666667,0.4556982666666667,0.11224063333333334
0,15.984413333333334,15.893740000000001,102.25361333333332,606.8636666666667,0.11661886,0.08169667333333334,0.03831596,0.03428747333333334,0.2187818,0.07523296,0.15103586666666666,0.6420967333333333,0.9992201333333334,11599.710000000001,0.004768122,0.011876911333333335,0.011310850666666669,0.007435213333333334,0.014624313333333333,0.0017694253333333336,17.62948666666667,24.96107333333333,112.97897333333333,731.7338,0.1673570666666667,0.2686521333333333,0.2319942,138.60066666666668,402.8486666666667,0.09834170666666668
0,18.056946666666665,17.059540000000002,116.98155333333334,769.6870666666667,0.16165759999999998,0.12635976666666668,130.82866666666666,0.0856863,0.2559578666666667,0.08363967333333333,0.7073815333333334,3413.2033333333334,5299.208666666666,57.95321333333334,0.013005146666666668,0.04205947333333334,0.06169672666666667,0.03695586,0.022214966666666666,0.0071606026666666675,18.937773333333332,19.92222666666667,122.43490666666666,846.2412666666665,0.18056946666666665,0.17668346666666668,0.20194246666666668,0.13147633333333333,279.792,0.09395052666666666
0,15.634673333333334,17.40928,100.81579333333333,576.6824,0.14248666666666668,0.11669658000000001,0.04897655333333334,0.03624342666666667,0.21463673333333333,0.08559562666666666,0.3255172666666667,652.8480000000001,2220.2013333333334,24.01548,0.009490907333333335,0.014935193333333334,0.023290093333333334,0.010344532,0.02541444,0.0028937746666666663,17.422233333333335,20.427406666666666,112.59037333333333,712.3038,0.1970202,0.21139840000000001,0.21010306666666667,0.09576399333333334,0.3602322,0.10430023999999999
0,15.220166666666666,22.746053333333332,98.30284666666667,547.7964666666667,0.1389892666666667,0.12581572666666666,0.06841950666666667,0.0575128,0.20699426666666668,0.08648940666666666,0.5678741333333334,2470.2006666666666,4079.004666666667,39.71492,0.008532360666666667,0.023510299999999998,0.02249994,0.017046586666666665,0.02376936666666667,0.003002582666666667,17.487,36.24342666666667,114.66290666666667,715.4126,0.17474046666666665,0.2401548,0.17694253333333335,130.82866666666666,0.3209836,0.10047900666666666
0,15.11654,25.932573333333334,97.42201999999999,539.1177333333334,0.13160586666666665,0.12244786,54.404,0.027940339999999998,0.2408024666666667,0.08369148666666666,0.26774539999999997,1.1327690000000001,1804.3993333333335,19.870413333333335,0.0068017953333333325,0.022370406666666665,0.023834133333333337,0.006862676000000001,0.01876938,0.003459835333333334,17.2927,37.318553333333334,112.694,713.2105333333334,200.77666666666667,0.3839368,0.35725293333333336,0.10518106666666666,0.41528386666666667,0.11593233333333335
0,17.72016,21.15279333333333,113.67845333333334,745.4643333333333,0.12016807333333335,0.09397643333333335,0.02269424,0.024352266666666667,0.21126886666666667,0.07972776666666667,0.26515473333333334,0.6218895333333334,1778.4926666666668,22.3445,0.004958536,0.009362669333333334,0.009168369333333334,0.006576407333333333,0.013652813333333335,0.002198180666666667,20.531033333333333,26.165733333333336,131.60586666666666,1001.8108000000001,0.16373013333333336,0.20259013333333334,0.1562172,0.11274581333333335,0.3634705333333334,0.10080284
1,26.515473333333333,26.774540000000002,174.4814,1682.638,0.11860072,0.17007726666666667,0.19727926666666665,0.13147633333333333,0.2805692,0.07019411333333334,1.0797898666666668,2248.6986666666667,6694.282666666667,130.05146666666667,0.006396356,0.04001284666666667,0.05301799333333334,0.022007713333333335,0.036476586666666665,0.0035220113333333334,30.090593333333334,35.168299999999995,196.89066666666668,2130.8233333333333,0.14209806666666666,0.3282374666666667,0.40051706666666664,0.20893726666666668,417.0973333333334,0.08271998666666668
0,14.196853333333335,22.823773333333335,91.69664666666667,473.5738666666667,0.12547894,0.12632090666666665,0.06817339333333335,0.036113893333333334,0.20971446666666668,0.08300496,0.19520673333333335,2050.512666666667,1509.0633333333335,13.069913333333334,0.012306962000000003,0.043756359999999994,0.05700762,0.017435186666666668,0.01712430666666667,0.004577708,15.051773333333331,34.33928666666667,99.00232666666669,527.8483333333334,0.18497360000000004,325.1286666666667,0.2749992666666667,0.12773282,0.2965018,0.10722769333333333
1,26.619100000000003,27.020653333333332,178.49693333333335,1694.296,0.13549186666666665,0.22525846666666668,0.270077,0.1712430666666667,0.2755174,0.08097128666666666,0.9049198666666668,1.2825095333333334,6095.8386666666665,113.70436000000001,0.005930036,0.03388592,0.0518781,0.01840668666666667,0.025233093333333335,0.0034831513333333335,31.4766,33.005093333333335,207.51239999999999,2343.2580000000003,0.16424826666666667,0.40608700000000003,0.5742212666666667,0.27823760000000003,0.3985740666666666,0.09804377999999998
1,18.48440666666667,29.209766666666667,121.46340666666667,815.8009333333333,0.1344556,0.14948146666666667,0.1895072666666667,0.07952051333333333,0.2494812,0.07748684,0.26256406666666665,2397.662,2454.6566666666668,24.01548,0.007918372666666668,0.03345846,0.06016823333333333,0.016528453333333335,0.018795286666666668,0.0048652719999999995,19.805646666666664,44.39107333333334,135.10326666666666,943.3912666666666,178.756,0.3540146,0.5484441333333333,0.1764244,0.3494809333333333,0.10817328666666666
0,15.142446666666666,31.65794666666667,98.92460666666666,526.4234666666666,0.1601032,0.20103573333333336,0.05848430000000001,0.05869155333333334,0.27603553333333336,0.09591943333333335,0.38303006666666667,2562.1693333333333,2795.329333333333,27.13723333333333,0.016683893333333335,0.045271900000000004,0.02415796666666667,0.022875586666666666,0.020207199999999998,0.007544021333333334,16.81342666666667,41.69678,111.55410666666667,631.7340666666666,0.22901493333333336,0.42111286666666664,0.18069900000000003,0.16942959999999999,0.36308193333333333,0.12914473333333334
0,10011.631333333333,33.01804666666667,62.15009333333333,231.6056,0.10489609333333333,0.06318636,0.0,0.0,242.22733333333335,0.09436503333333333,0.4892474,1893.7773333333334,3227.9706666666666,24.79268,0.01639892,0.012554370666666667,0.0,0.0,0.03733150666666667,0.008901530666666666,11757.740666666667,40.05170666666667,74.05420666666667,321.2426666666667,0.16269386666666666,0.1080308,0.0,0.0,0.39611293333333336,0.12873022666666667
0,9962.408666666668,32.95328,62.616413333333334,220.7248,0.11227949333333333,0.15531046666666667,0.11984424,0.017668346666666664,0.2638594,0.10040128666666666,0.28445519999999996,1915.798,1871.756666666667,15.19426,0.020038806666666666,0.08363967333333333,0.11984424,0.017668346666666664,0.027266766666666668,0.009781062000000002,11240.902666666667,41.30818,70.58271333333333,289.6365333333333,0.2067352,0.3968901333333334,0.4395066,0.06476666666666668,361.39799999999997,0.13808253333333334
0,14.948146666666666,18.704613333333334,96.69663333333335,521.8898,0.12932608,145.07733333333334,0.08726660666666668,0.033600946666666666,0.2354916,0.08784950666666667,0.36062079999999996,2290.1493333333333,2108.802666666667,27.020653333333332,0.0157383,0.053264106666666665,0.07192986,0.019352280000000003,0.023834133333333337,0.007139877333333333,15.880786666666667,25.49216,102.04636,593.0036,0.17422233333333337,0.2743516,0.2327714,0.08961116000000001,0.30168313333333335,0.10536241333333334
0,18.743473333333334,32.37038,124.10588666666668,850.2568,0.11446860666666668,159.326,0.13069913333333336,0.050388466666666666,0.24248640000000002,0.08213708666666666,0.3292737333333333,1397.6646666666666,3387.2966666666666,29.935153333333332,0.009246089333333334,0.060271860000000003,0.04959831333333333,0.015051773333333332,0.026787493333333332,0.007915782000000001,21.010306666666665,41.100926666666666,147.02033333333335,1047.7951333333333,173.57466666666667,0.5442990666666667,523.3146666666667,0.15608766666666665,0.41282273333333336,0.1325126
0,19.093213333333335,32.927373333333335,122.66806666666668,866.0598666666668,0.10718883333333334,0.09344534666666666,0.05317343333333333,0.03920974,238.34133333333332,0.07357493333333334,0.39261553333333327,1794.0366666666669,2819.940666666667,35.505086666666664,0.006185216666666667,0.015181306666666667,0.025220140000000002,0.016437780000000003,0.024222733333333333,0.0034015453333333333,21.385953333333337,41.82631333333333,139.1188,1070.4634666666668,137.30533333333332,0.17823786666666666,0.2086782,0.14183900000000002,0.3525897333333334,0.09010338666666667
0,17.111353333333337,36.347053333333335,109.94789333333334,697.4074666666667,0.11231835333333333,0.08908007333333333,0.03869160666666667,0.04242216666666667,0.21088026666666668,0.07488322,0.3045328666666667,2068.6473333333333,1993.518,23.121700000000004,0.006441692666666666,0.017771973333333333,0.019404093333333334,0.011809554,0.022331546666666664,0.0017396326666666668,18.61394,48.14754,119.79242666666669,815.5418666666668,0.13885973333333335,0.17888553333333335,0.1375644,0.10308262666666666,0.3203359333333333,0.08345832666666668
0,17.966273333333334,26.8134,116.28207333333334,757.5109333333334,0.12406702666666668,0.13186493333333335,0.04777189333333334,0.03068644666666667,209.84400000000002,0.08663189333333332,352.3306666666667,1356.2140000000002,2689.112,29.94810666666667,0.008158009333333332,0.028134640000000002,0.033872966666666664,0.011737015333333335,0.019300466666666665,0.004661904666666667,19.494766666666667,32.0595,128.45820666666665,891.9665333333334,0.16373013333333336,0.2638594,0.17836739999999998,0.08866556666666665,0.29132046666666667,0.10999970666666666
0,17.64244,30.090593333333334,112.94011333333333,742.4850666666667,0.11976652,0.08739614000000001,0.038523213333333334,0.031644993333333336,0.21554346666666666,0.07514228666666667,448.18533333333335,1730.5653333333332,2676.1586666666667,40.466213333333336,0.0076010159999999995,0.02718904666666667,0.026178686666666662,0.011740901333333333,0.027033606666666668,0.003345846,19.883366666666667,37.68124666666667,126.39862666666666,945.3342666666666,0.15751253333333334,0.19650206666666667,0.13588046666666667,0.09292721333333333,0.3422270666666667,0.09006452666666666
0,13.367840000000001,21.178700000000003,84.59822000000001,420.85380000000004,0.12220174666666667,0.06468894666666666,0.013108773333333336,0.007117856666666666,0.24417033333333335,0.08032362,0.2725381333333334,1252.5873333333334,1756.472,16.800473333333333,0.009178732,0.009387280666666666,0.013108773333333336,0.007117856666666666,0.020207199999999998,0.0033756386666666666,14.5725,28.199406666666665,92.12410666666666,498.57379999999995,0.16645033333333334,0.11453337333333334,0.056787413333333335,0.03084188666666667,0.3472788666666667,0.09584171333333334
0,13.29012,21.476626666666665,85.29769999999999,415.5429333333334,0.11498674000000002,0.10448158666666667,0.05645062666666667,0.03158022666666666,0.2161911333333333,0.08696868,0.14818613333333333,1325.126,1.2806960666666667,9489.612,0.013303073333333333,0.039948080000000004,0.033847060000000005,0.014209806666666666,0.029494740000000002,0.007629513333333334,14.02846,28.54914666666667,92.07229333333333,462.9521333333333,0.1892482,0.29093186666666665,0.23095793333333334,0.10794012666666668,0.3485742,0.12278464666666666
0,12542.712666666666,25.05174666666667,79.0801,370.0767333333333,0.10998675333333334,0.06515526666666667,0.030271939999999997,0.012454630000000001,204.6626666666667,0.08076403333333333,0.38303006666666667,1765.5393333333334,2660.614666666667,23.62688,0.00963728,0.014546593333333335,0.030271939999999997,0.012454630000000001,0.028536193333333335,0.005380814666666667,14.157993333333332,33.14758,89.50753333333334,471.76039999999995,0.15531046666666667,0.12365252,0.12111366666666668,0.049818520000000005,0.3305690666666667,0.10259040000000001
0,14.015506666666667,31.360020000000002,89.23551333333334,468.3925333333334,0.10611370666666668,0.08551790666666666,0.020051760000000002,0.010569920000000002,0.2559578666666667,0.08196869333333334,0.6730552,2484.4493333333335,4616.568,42.746,0.010703339333333332,0.024222733333333333,0.016541406666666668,0.007664487333333334,0.03194292000000001,0.0038562073333333335,16.878193333333332,40.73823333333333,108.67846666666668,654.9205333333333,0.15595813333333333,0.21152793333333333,0.08023294666666668,0.04227968000000001,0.3962424666666667,0.09878211999999999
0,14.06732,27.823760000000004,88.74328666666668,466.9676666666667,0.09625622,0.05475374,0.0,0.0,0.2151548666666667,0.07704642666666667,0.40971393333333334,1689.1146666666666,2739.6299999999997,26.774540000000002,0.012407998000000002,0.014300479999999999,0.0,0.0,0.03891181333333334,0.0028860026666666667,15.103586666666667,32.085406666666664,95.95829333333334,534.0659333333334,0.12966286666666668,0.09518109333333334,0.0,0.0,0.31839293333333335,0.08538837333333334
0,14.417060000000001,29.06728,92.60338,490.1541333333333,0.12391158666666667,0.10613961333333333,0.06248688,0.029235673333333333,262.9526666666667,0.08487024,0.36269333333333337,1900.2540000000001,2582.8946666666666,23.121700000000004,0.0045271899999999995,0.03952062,0.04462423333333334,0.013264213333333335,0.03772010666666667,0.006117859333333333,15.569906666666666,36.606120000000004,100.77693333333333,565.5425333333334,0.14080273333333335,0.23082840000000002,0.20259013333333334,0.08306972666666668,0.41049113333333337,0.10404117333333335
0,16.541406666666667,38.12166,105.37536666666666,657.8998,0.10720178666666667,0.05484441333333334,0.02586780666666667,0.019417046666666667,0.1993518,0.07301794,0.3120458,1770.7206666666668,1913.2073333333335,24.300453333333337,0.011444270000000001,0.015971460000000003,0.01720202666666667,0.01205307666666667,0.024572473333333334,0.0022357453333333335,17.966273333333334,46.632000000000005,114.11886666666668,770.3347333333335,0.15984413333333333,0.13782346666666667,0.11208519333333333,0.08417076,0.31178673333333334,0.08398941333333333
0,12089.346,28.419613333333334,76.43762,341.968,0.1196888,0.07260343333333334,0.051761520000000005,0.01660617333333333,0.2191704,0.08518112,0.3902839333333334,2433.9313333333334,2747.402,23.134653333333333,0.014170946666666668,0.023756413333333334,0.051761520000000005,0.01660617333333333,0.048691580000000005,0.005988326000000001,12752.556666666665,32.448100000000004,81.42465333333334,383.1596,0.14287526666666667,0.10748676,0.10353599333333334,0.03321234666666666,0.31541366666666665,0.09576399333333334
0,16.683893333333334,37.461040000000004,106.86500000000001,666.1899333333333,0.10521992666666667,0.07544021333333334,0.0802459,0.03034966,0.20284919999999998,0.07393762666666666,0.27409253333333333,1.7616533333333335,1945.5906666666667,21.800459999999998,0.010896344,0.027888526666666667,0.05049209333333334,0.00987044,0.0219559,0.003628228666666667,17.99218,46.29521333333334,115.07741333333335,771.6300666666667,0.1589374,209.84400000000002,0.31593180000000004,0.08410599333333334,0.3072530666666667,0.09380804
0,13.32898,35.76415333333333,85.06454000000001,416.32013333333333,0.11696860000000002,0.09919662666666666,0.07770704666666667,0.03546622666666667,0.20634660000000002,0.07936507333333333,0.28484380000000004,2900.2513333333336,1861.394,18.730520000000002,0.015608766666666668,0.03544032,0.06222781333333333,0.02229268666666667,0.023872993333333332,0.006396356,14.041413333333333,45.22008666666667,90.11634,463.2112,0.17927413333333334,221.50199999999998,0.2590666666666667,0.11822507333333333,0.2883412,0.10729245999999999
0,13.160586666666667,25.37558,83.84692666666668,403.7554,0.12992193333333332,0.09720181333333333,0.00650905,0.014455919999999999,0.2319942,0.08200755333333334,0.3161908666666667,2.7072466666666664,2134.7093333333337,21.7616,0.016722753333333333,0.02878230666666667,0.005406721333333333,0.009173550666666667,0.03331597333333333,0.002950769333333334,13.7953,29.637226666666667,87.92722666666667,449.86926666666665,0.16385966666666668,0.15544,0.0130181,0.028911839999999998,0.2930044,0.08733137333333334
0,12205.926,36.11389333333333,76.76145333333334,351.4239333333333,0.10521992666666667,0.06439102000000001,0.0,0.0,0.22564706666666667,0.07848424666666666,0.6962416666666668,3791.440666666667,4686.5160000000005,37.70715333333333,0.015012913333333334,0.014559546666666668,0.0,0.0,0.03891181333333334,0.004305688,13.588046666666669,44.35221333333334,86.13966666666666,428.23720000000003,0.1389892666666667,0.09271996,0.0,0.0,0.320595,0.09027178000000001
0,18.898913333333333,29.378159999999998,124.85718000000001,851.1635333333334,0.10975359333333334,172.2793333333333,0.1332898,0.048393653333333335,0.18834146666666665,0.07962414,0.2919681333333333,1435.2293333333334,2880.8213333333333,25.310813333333332,0.005494804,0.06009051333333334,0.08520702666666667,0.020803053333333335,0.02121756,0.005707238666666667,20.05176,35.32374,137.1758,950.1270000000001,0.1329012,0.4107502,0.47435106666666677,0.14313433333333334,0.29248626666666666,0.10367848
0,14.909286666666667,30.997326666666666,96.52824,522.667,0.11996082000000001,0.13225353333333334,0.14404106666666666,0.05317343333333333,0.17979226666666667,0.0851034,0.30932560000000003,3761.6479999999997,2507.7653333333333,21.981806666666667,0.010621733333333334,0.03862684,0.07432622666666668,0.016411873333333337,0.01927456,0.006137289333333334,16.165760000000002,48.13458666666666,106.58002666666668,614.2470666666667,0.16813426666666667,0.3260354,470.20599999999996,0.12503852666666668,0.2735744,0.11310850666666666
0,18.199433333333335,35.168299999999995,118.36756000000001,777.7181333333333,0.12861364666666666,0.14585453333333334,0.05779777333333334,0.05575114666666667,0.19909273333333333,0.07993502000000001,0.472149,1932.6373333333333,3740.922666666667,38.652746666666665,0.009398938666666667,0.03468902666666667,0.026826353333333334,0.02106212,0.026942933333333332,0.006870448,19.8186,42.96620666666667,129.79240000000001,915.4120666666668,0.1607508666666667,0.29326346666666664,0.17176119999999998,0.13575093333333335,291.45,0.10778468666666668
0,14.507733333333332,38.04394,91.54120666666667,499.9986666666667,0.09648938,0.046087960000000004,0.0,0.0,137.30533333333332,0.07126924,0.4068642,5046.618666666666,2643.7753333333335,29.546553333333332,0.009836761333333334,0.011499969333333334,0.0,0.0,0.02576418,0.002296626,15.440373333333334,49.611266666666666,97.39611333333333,569.4285333333333,0.12003854000000001,0.07116561333333334,0.0,0.0,0.20284919999999998,0.07648943333333334
1,19.714973333333337,39.66310666666667,133.93746666666667,928.6244666666666,0.13575093333333335,0.27033606666666665,330.31,0.12213698,0.27564693333333334,0.09264224,0.3370457333333334,1560.8766666666668,3059.577333333333,29.339299999999998,0.005990916666666666,0.06274594666666666,0.09532358,0.02082896,0.027681273333333336,0.007955937333333333,22.694239999999997,55.42731333333333,166.7094,1185.23,0.18354873333333332,1.0255154,1.5155399999999999,0.30518053333333334,0.5296618000000001,0.18251246666666665
1,27.09837333333334,32.49991333333333,185.23266666666666,1744.814,0.14235713333333333,0.28963653333333333,0.4111388,0.19093213333333334,0.27836713333333335,0.08910598000000002,1.2463697333333335,1329.012,11344.529333333334,153.88559999999998,0.008288838000000001,0.05582886666666667,0.10161890000000001,0.03398954666666667,0.02664500666666667,0.008047906,31.463646666666666,38.095753333333334,231.9942,2356.211333333333,0.1822534,0.5422265333333334,0.8547904666666667,0.3292737333333333,0.37940313333333336,0.12788826
1,27.927386666666667,29.002513333333336,183.93733333333333,1915.798,143.782,0.15012913333333336,0.31593180000000004,0.1799218,0.22357453333333335,0.07283659333333334,1523.312,1626.9386666666667,9939.092666666667,205.56939999999997,0.013341933333333333,0.03744808666666667,0.06733142666666667,0.03178748,0.014430013333333333,0.005490918,32.966233333333335,34.1968,215.15486666666666,2625.6406666666667,182.64200000000002,0.2737039333333333,0.5319934000000001,0.28704586666666665,266.8386666666667,0.09216296666666668
1,26.075059999999997,36.59316666666667,169.94773333333333,1633.4153333333334,0.1266836,0.13393746666666667,186.52800000000002,0.12682608666666667,0.2269424,0.07167079333333333,0.9915776666666667,3190.4060000000004,6739.619333333333,128.28981333333334,0.007472778,0.03138592666666667,0.051165666666666665,0.021735693333333334,0.02458542666666667,0.0032357426666666665,30.68644666666667,49.5465,200.77666666666667,2242.222,0.15103586666666666,0.24896306666666668,0.41644966666666666,0.21088026666666668,0.3331597333333333,0.08597127333333333
1,21.502533333333336,36.37296,140.28459999999998,1111.5255333333334,0.10952043333333333,0.1325126,0.11983128666666666,0.06867857333333334,205.958,0.07316042666666668,0.5911901333333333,1392.4833333333333,4436.516666666667,62.88843333333333,0.0076463526666666675,0.048328886666666675,0.061269266666666676,0.020168340000000003,0.017072493333333334,0.005041437333333333,24.585426666666667,44.19677333333333,164.11873333333332,1455.9546666666668,0.14753846666666667,0.40077613333333334,0.44080193333333334,0.18367826666666667,0.28730493333333335,0.10129506666666667
1,26.68386666666667,37.992126666666664,181.47619999999998,1638.5966666666666,0.15259026666666667,358.80733333333336,0.45518013333333335,196.89066666666668,0.31049140000000003,0.09088058666666667,940.4119999999999,2066.056666666667,7476.664000000001,111.68364000000001,0.008448164,0.07976662666666667,0.09218887333333332,0.021554346666666665,0.030103546666666665,0.008011636666666667,33.341879999999996,51.06204,239.11853333333332,2358.802,213.73000000000002,1.1244788666666667,1.2159294,343.2633333333333,0.5294027333333334,160.62133333333335
0,10.051786666666667,31.787480000000002,62.07237333333334,234.45533333333333,0.06817339333333335,0.056502439999999994,0.0,0.0,0.2055694,0.07621741333333333,0.4996100666666667,1849.736,3300.5093333333334,24.805633333333333,0.009312151333333333,0.006036253333333334,0.0,0.0,0.03466312,0.0036049126666666664,12248.672,39.33927333333334,76.63192,347.92653333333334,0.11652818666666666,0.08347128,0.0,0.0,0.3718902,0.09117851333333332
